"table_schema","table_name","column_name","ordinal_position","data_type","numeric_precision","numeric_scale","character_maximum_length","is_nullable","is_pk","is_fk","fk_table_name","fk_column_name","schema","table_name-2","column_name-2","comment","object_type"
"public","tbl_abundance_elements","abundance_element_id",1,"integer",32,0,NULL,"NO","YES","NO",NULL,NULL,"public","tbl_abundance_elements","abundance_element_id","Primary key (automatically incremented).","column"
"public","tbl_abundance_elements","record_type_id",2,"integer",32,0,NULL,"YES","NO","YES","tbl_record_types","record_type_id","public","tbl_abundance_elements","record_type_id","Specifies record types, thereby restricting the list of available elements based on the record type. This facilitates the use of the same term for different proxies, such as 'mni insects' versus 'mni seeds', without causing confusion.","column"
"public","tbl_abundance_elements","element_name",3,"character varying",NULL,NULL,100,"NO","NO","NO",NULL,NULL,"public","tbl_abundance_elements","element_name","Abbreviated name for the element, such as 'mni', 'seed', or 'leaf'.","column"
"public","tbl_abundance_elements","element_description",4,"text",NULL,NULL,NULL,"YES","NO","NO",NULL,NULL,"public","tbl_abundance_elements","element_description","Detailed description of the element, such as 'minimum number of individuals', 'base of seed grain', or 'covering of leaf or flower bud'.","column"
"public","tbl_abundance_elements","date_updated",5,"timestamp with time zone",NULL,NULL,NULL,"YES","NO","NO",NULL,NULL,NULL,NULL,NULL,NULL,NULL
"public","tbl_abundance_ident_levels","abundance_ident_level_id",1,"integer",32,0,NULL,"NO","YES","NO",NULL,NULL,"public","tbl_abundance_ident_levels","abundance_ident_level_id","Primary key (automatically incremented).","column"
"public","tbl_abundance_ident_levels","abundance_id",2,"bigint",64,0,NULL,"NO","NO","YES","tbl_abundances","abundance_id","public","tbl_abundance_ident_levels","abundance_id","Specifies the related abundance record.","column"
"public","tbl_abundance_ident_levels","identification_level_id",3,"integer",32,0,NULL,"NO","NO","YES","tbl_identification_levels","identification_level_id","public","tbl_abundance_ident_levels","identification_level_id","Specifies the specific identification level.","column"
"public","tbl_abundance_ident_levels","date_updated",4,"timestamp with time zone",NULL,NULL,NULL,"YES","NO","NO",NULL,NULL,NULL,NULL,NULL,NULL,NULL
"public","tbl_abundance_modifications","abundance_modification_id",1,"integer",32,0,NULL,"NO","YES","NO",NULL,NULL,"public","tbl_abundance_modifications","abundance_modification_id","Primary key (automatically incremented).","column"
"public","tbl_abundance_modifications","abundance_id",2,"integer",32,0,NULL,"NO","NO","YES","tbl_abundances","abundance_id","public","tbl_abundance_modifications","abundance_id","Specifies the related abundance record.","column"
"public","tbl_abundance_modifications","modification_type_id",3,"integer",32,0,NULL,"NO","NO","YES","tbl_modification_types","modification_type_id","public","tbl_abundance_modifications","modification_type_id","Specifies the type of modification applied.","column"
"public","tbl_abundance_modifications","date_updated",4,"timestamp with time zone",NULL,NULL,NULL,"YES","NO","NO",NULL,NULL,NULL,NULL,NULL,NULL,NULL
"public","tbl_abundances","abundance_id",1,"bigint",64,0,NULL,"NO","YES","NO",NULL,NULL,"public","tbl_abundances","abundance_id","Primary key (automatically incremented).","column"
"public","tbl_abundances","taxon_id",2,"integer",32,0,NULL,"NO","NO","YES","tbl_taxa_tree_master","taxon_id","public","tbl_abundances","taxon_id","Specifies the taxonomic unit related to this record.","column"
"public","tbl_abundances","analysis_entity_id",3,"bigint",64,0,NULL,"NO","NO","YES","tbl_analysis_entities","analysis_entity_id","public","tbl_abundances","analysis_entity_id","Identifies the specific analysis entity associated with this record.","column"
"public","tbl_abundances","abundance_element_id",4,"integer",32,0,NULL,"YES","NO","YES","tbl_abundance_elements","abundance_element_id","public","tbl_abundances","abundance_element_id","Specifies specific parts of a taxon, like leaf, seed, or MNI (Minimum Number of Individuals), enabling detailed taxonomic recording.","column"
"public","tbl_abundances","abundance",5,"integer",32,0,NULL,"NO","NO","NO",NULL,NULL,"public","tbl_abundances","abundance","Represents the frequency of occurrence, which is usually a numerical count, but can also indicate presence (1), a categorical value, or a value on a relative scale, in accordance with the dataset's data type.","column"
"public","tbl_abundances","date_updated",6,"timestamp with time zone",NULL,NULL,NULL,"YES","NO","NO",NULL,NULL,NULL,NULL,NULL,NULL,NULL
"public","tbl_activity_types","activity_type_id",1,"integer",32,0,NULL,"NO","YES","NO",NULL,NULL,"public","tbl_activity_types","activity_type_id","Primary key (automatically incremented).","column"
"public","tbl_activity_types","activity_type",2,"character varying",NULL,NULL,50,"YES","NO","NO",NULL,NULL,"public","tbl_activity_types","activity_type","Name showing the type of activity or life stage.","column"
"public","tbl_activity_types","description",3,"text",NULL,NULL,NULL,"YES","NO","NO",NULL,NULL,"public","tbl_activity_types","description","Detailed description of the organism's state during the specified time, such as 'adult' or 'flowering'.","column"
"public","tbl_activity_types","date_updated",4,"timestamp with time zone",NULL,NULL,NULL,"YES","NO","NO",NULL,NULL,NULL,NULL,NULL,NULL,NULL
"public","tbl_age_types","age_type_id",1,"integer",32,0,NULL,"NO","YES","NO",NULL,NULL,"public","tbl_age_types","age_type_id","Primary key (automatically incremented).","column"
"public","tbl_age_types","age_type",2,"character varying",NULL,NULL,150,"NO","NO","NO",NULL,NULL,"public","tbl_age_types","age_type","Abbreviation representing the chronological system (e.g., AD, BC, BP).","column"
"public","tbl_age_types","description",3,"text",NULL,NULL,NULL,"YES","NO","NO",NULL,NULL,"public","tbl_age_types","description","Detailed explanation of the chronological system denoted by the abbreviation.","column"
"public","tbl_age_types","date_updated",4,"timestamp with time zone",NULL,NULL,NULL,"YES","NO","NO",NULL,NULL,NULL,NULL,NULL,NULL,NULL
"public","tbl_aggregate_datasets","aggregate_dataset_id",1,"integer",32,0,NULL,"NO","YES","NO",NULL,NULL,NULL,NULL,NULL,NULL,NULL
"public","tbl_aggregate_datasets","aggregate_order_type_id",2,"integer",32,0,NULL,"NO","NO","YES","tbl_aggregate_order_types","aggregate_order_type_id",NULL,NULL,NULL,NULL,NULL
"public","tbl_aggregate_datasets","biblio_id",3,"integer",32,0,NULL,"YES","NO","YES","tbl_biblio","biblio_id",NULL,NULL,NULL,NULL,NULL
"public","tbl_aggregate_datasets","aggregate_dataset_name",4,"character varying",NULL,NULL,255,"YES","NO","NO",NULL,NULL,"public","tbl_aggregate_datasets","aggregate_dataset_name","name of aggregated dataset","column"
"public","tbl_aggregate_datasets","date_updated",5,"timestamp with time zone",NULL,NULL,NULL,"YES","NO","NO",NULL,NULL,NULL,NULL,NULL,NULL,NULL
"public","tbl_aggregate_datasets","description",6,"text",NULL,NULL,NULL,"YES","NO","NO",NULL,NULL,"public","tbl_aggregate_datasets","description","Notes explaining the purpose of the aggregated set of analysis entities","column"
"public","tbl_aggregate_datasets","aggregate_dataset_uuid",7,"uuid",NULL,NULL,NULL,"NO","NO","NO",NULL,NULL,NULL,NULL,NULL,NULL,NULL
"public","tbl_aggregate_order_types","aggregate_order_type_id",1,"integer",32,0,NULL,"NO","YES","NO",NULL,NULL,NULL,NULL,NULL,NULL,NULL
"public","tbl_aggregate_order_types","aggregate_order_type",2,"character varying",NULL,NULL,60,"NO","NO","NO",NULL,NULL,"public","tbl_aggregate_order_types","aggregate_order_type","aggregate order name, e.g. site name, age, sample depth, altitude","column"
"public","tbl_aggregate_order_types","date_updated",3,"timestamp with time zone",NULL,NULL,NULL,"YES","NO","NO",NULL,NULL,NULL,NULL,NULL,NULL,NULL
"public","tbl_aggregate_order_types","description",4,"text",NULL,NULL,NULL,"YES","NO","NO",NULL,NULL,"public","tbl_aggregate_order_types","description","explanation of ordering system","column"
"public","tbl_aggregate_sample_ages","aggregate_sample_age_id",1,"integer",32,0,NULL,"NO","YES","NO",NULL,NULL,NULL,NULL,NULL,NULL,NULL
"public","tbl_aggregate_sample_ages","aggregate_dataset_id",2,"integer",32,0,NULL,"NO","NO","YES","tbl_aggregate_datasets","aggregate_dataset_id",NULL,NULL,NULL,NULL,NULL
"public","tbl_aggregate_sample_ages","analysis_entity_age_id",3,"integer",32,0,NULL,"NO","NO","YES","tbl_analysis_entity_ages","analysis_entity_age_id",NULL,NULL,NULL,NULL,NULL
"public","tbl_aggregate_sample_ages","date_updated",4,"timestamp with time zone",NULL,NULL,NULL,"YES","NO","NO",NULL,NULL,NULL,NULL,NULL,NULL,NULL
"public","tbl_aggregate_samples","aggregate_sample_id",1,"integer",32,0,NULL,"NO","YES","NO",NULL,NULL,NULL,NULL,NULL,NULL,NULL
"public","tbl_aggregate_samples","aggregate_dataset_id",2,"integer",32,0,NULL,"NO","NO","YES","tbl_aggregate_datasets","aggregate_dataset_id",NULL,NULL,NULL,NULL,NULL
"public","tbl_aggregate_samples","analysis_entity_id",3,"bigint",64,0,NULL,"NO","NO","YES","tbl_analysis_entities","analysis_entity_id",NULL,NULL,NULL,NULL,NULL
"public","tbl_aggregate_samples","aggregate_sample_name",4,"character varying",NULL,NULL,50,"YES","NO","NO",NULL,NULL,"public","tbl_aggregate_samples","aggregate_sample_name","optional name for aggregated entity.","column"
"public","tbl_aggregate_samples","date_updated",5,"timestamp with time zone",NULL,NULL,NULL,"YES","NO","NO",NULL,NULL,NULL,NULL,NULL,NULL,NULL
"public","tbl_alt_ref_types","alt_ref_type_id",1,"integer",32,0,NULL,"NO","YES","NO",NULL,NULL,"public","tbl_alt_ref_types","alt_ref_type_id","Primary key (automatically incremented).","column"
"public","tbl_alt_ref_types","alt_ref_type",2,"character varying",NULL,NULL,50,"NO","NO","NO",NULL,NULL,"public","tbl_alt_ref_types","alt_ref_type","The name or type of the alternative reference assigned to a sample.","column"
"public","tbl_alt_ref_types","date_updated",3,"timestamp with time zone",NULL,NULL,NULL,"YES","NO","NO",NULL,NULL,NULL,NULL,NULL,NULL,NULL
"public","tbl_alt_ref_types","description",4,"text",NULL,NULL,NULL,"YES","NO","NO",NULL,NULL,"public","tbl_alt_ref_types","description","A detailed description of the alternative reference type, providing additional context or clarification.","column"
"public","tbl_analysis_boolean_values","analysis_boolean_value_id",1,"integer",32,0,NULL,"NO","YES","NO",NULL,NULL,"public","tbl_analysis_boolean_values","analysis_boolean_value_id","Primary key (automatically incremented).","column"
"public","tbl_analysis_boolean_values","analysis_value_id",2,"bigint",64,0,NULL,"NO","NO","YES","tbl_analysis_values","analysis_value_id","public","tbl_analysis_boolean_values","analysis_value_id","Identifies the specific analysis value associated with this data.","column"
"public","tbl_analysis_boolean_values","qualifier",3,"text",NULL,NULL,NULL,"YES","NO","NO",NULL,NULL,"public","tbl_analysis_boolean_values","qualifier","Additional information qualifying the value.","column"
"public","tbl_analysis_boolean_values","value",4,"boolean",NULL,NULL,NULL,"YES","NO","NO",NULL,NULL,"public","tbl_analysis_boolean_values","value","The boolean value (e.g., true/false or 1/0).","column"
"public","tbl_analysis_categorical_values","analysis_categorical_value_id",1,"bigint",64,0,NULL,"NO","YES","NO",NULL,NULL,"public","tbl_analysis_categorical_values","analysis_categorical_value_id","Primary key (automatically incremented).","column"
"public","tbl_analysis_categorical_values","analysis_value_id",2,"bigint",64,0,NULL,"NO","NO","YES","tbl_analysis_values","analysis_value_id","public","tbl_analysis_categorical_values","analysis_value_id","Identifies the specific analysis value associated with this data.","column"
"public","tbl_analysis_categorical_values","value_type_item_id",3,"integer",32,0,NULL,"NO","NO","YES","tbl_value_type_items","value_type_item_id","public","tbl_analysis_categorical_values","value_type_item_id","References the predefined category type.","column"
"public","tbl_analysis_categorical_values","value",4,"numeric",20,10,NULL,"YES","NO","NO",NULL,NULL,"public","tbl_analysis_categorical_values","value","The categorical value assigned to the analysis.","column"
"public","tbl_analysis_categorical_values","is_variant",5,"boolean",NULL,NULL,NULL,"YES","NO","NO",NULL,NULL,"public","tbl_analysis_categorical_values","is_variant","Indicates if value is an alternative interpretation of analysed value.","column"
"public","tbl_analysis_dating_ranges","analysis_dating_range_id",1,"bigint",64,0,NULL,"NO","YES","NO",NULL,NULL,"public","tbl_analysis_dating_ranges","analysis_dating_range_id","Primary key (automatically incremented).","column"
"public","tbl_analysis_dating_ranges","analysis_value_id",2,"bigint",64,0,NULL,"NO","NO","YES","tbl_analysis_values","analysis_value_id","public","tbl_analysis_dating_ranges","analysis_value_id","Identifies the specific analysis value associated with this data.","column"
"public","tbl_analysis_dating_ranges","low_value",3,"integer",32,0,NULL,"YES","NO","NO",NULL,NULL,"public","tbl_analysis_dating_ranges","low_value","The lower value of the range.","column"
"public","tbl_analysis_dating_ranges","high_value",4,"integer",32,0,NULL,"YES","NO","NO",NULL,NULL,"public","tbl_analysis_dating_ranges","high_value","The higher value of the range.","column"
"public","tbl_analysis_dating_ranges","low_is_uncertain",5,"boolean",NULL,NULL,NULL,"YES","NO","NO",NULL,NULL,"public","tbl_analysis_dating_ranges","low_is_uncertain","Indicates if lower value is uncertain (e.g. question mark).","column"
"public","tbl_analysis_dating_ranges","high_is_uncertain",6,"boolean",NULL,NULL,NULL,"YES","NO","NO",NULL,NULL,"public","tbl_analysis_dating_ranges","high_is_uncertain","Indicates if higher value is uncertain (e.g. question mark).","column"
"public","tbl_analysis_dating_ranges","low_qualifier",7,"text",NULL,NULL,NULL,"YES","NO","YES","tbl_value_qualifier_symbols","symbol","public","tbl_analysis_dating_ranges","low_qualifier","Additional information qualifying the lower value.","column"
"public","tbl_analysis_dating_ranges","high_qualifier",8,"text",NULL,NULL,NULL,"YES","NO","YES","tbl_value_qualifier_symbols","symbol","public","tbl_analysis_dating_ranges","high_qualifier","Additional information qualifying the higher value.","column"
"public","tbl_analysis_dating_ranges","age_type_id",9,"integer",32,0,NULL,"NO","NO","YES","tbl_age_types","age_type_id","public","tbl_analysis_dating_ranges","age_type_id","Specifies the chronological system (e.g., AD, BC, BP).","column"
"public","tbl_analysis_dating_ranges","season_id",10,"integer",32,0,NULL,"YES","NO","YES","tbl_seasons","season_id","public","tbl_analysis_dating_ranges","season_id","Limits the dating range to a particular season.","column"
"public","tbl_analysis_dating_ranges","dating_uncertainty_id",11,"integer",32,0,NULL,"YES","NO","YES","tbl_dating_uncertainty","dating_uncertainty_id","public","tbl_analysis_dating_ranges","dating_uncertainty_id","Specifies the uncertainty category related to the dating method used.","column"
"public","tbl_analysis_dating_ranges","is_variant",12,"boolean",NULL,NULL,NULL,"YES","NO","NO",NULL,NULL,"public","tbl_analysis_dating_ranges","is_variant","Indicates if value is an alternative interpretation of analysed value.","column"
"public","tbl_analysis_entities","analysis_entity_id",1,"bigint",64,0,NULL,"NO","YES","NO",NULL,NULL,"public","tbl_analysis_entities","analysis_entity_id","Primary key (automatically incremented).","column"
"public","tbl_analysis_entities","physical_sample_id",2,"integer",32,0,NULL,"YES","NO","YES","tbl_physical_samples","physical_sample_id","public","tbl_analysis_entities","physical_sample_id","Identifies the specific physical sample.","column"
"public","tbl_analysis_entities","dataset_id",3,"integer",32,0,NULL,"YES","NO","YES","tbl_datasets","dataset_id","public","tbl_analysis_entities","dataset_id","Specifies the dataset the analysis entity belongs to.","column"
"public","tbl_analysis_entities","date_updated",4,"timestamp with time zone",NULL,NULL,NULL,"YES","NO","NO",NULL,NULL,NULL,NULL,NULL,NULL,NULL
"public","tbl_analysis_entity_ages","analysis_entity_age_id",1,"integer",32,0,NULL,"NO","YES","NO",NULL,NULL,"public","tbl_analysis_entity_ages","analysis_entity_age_id","Primary key (automatically incremented).","column"
"public","tbl_analysis_entity_ages","age",2,"numeric",20,5,NULL,"YES","NO","NO",NULL,NULL,"public","tbl_analysis_entity_ages","age","Represents the estimated age derived from analysis.","column"
"public","tbl_analysis_entity_ages","age_older",3,"numeric",20,5,NULL,"YES","NO","NO",NULL,NULL,"public","tbl_analysis_entity_ages","age_older","The upper bound of the age range estimate.","column"
"public","tbl_analysis_entity_ages","age_younger",4,"numeric",20,5,NULL,"YES","NO","NO",NULL,NULL,"public","tbl_analysis_entity_ages","age_younger","The lower bound of the age range estimate.","column"
"public","tbl_analysis_entity_ages","analysis_entity_id",5,"bigint",64,0,NULL,"YES","NO","YES","tbl_analysis_entities","analysis_entity_id","public","tbl_analysis_entity_ages","analysis_entity_id","Identifies the specific analysis entity associated with this record.","column"
"public","tbl_analysis_entity_ages","chronology_id",6,"integer",32,0,NULL,"YES","NO","YES","tbl_chronologies","chronology_id","public","tbl_analysis_entity_ages","chronology_id","Specifies the the identifier of a specific chronology.","column"
"public","tbl_analysis_entity_ages","date_updated",7,"timestamp with time zone",NULL,NULL,NULL,"YES","NO","NO",NULL,NULL,NULL,NULL,NULL,NULL,NULL
"public","tbl_analysis_entity_ages","dating_specifier",8,"text",NULL,NULL,NULL,"YES","NO","NO",NULL,NULL,"public","tbl_analysis_entity_ages","dating_specifier","Specifies the method or criteria used for dating the sample.","column"
"public","tbl_analysis_entity_ages","age_range",9,"int4range",NULL,NULL,NULL,"YES","NO","NO",NULL,NULL,"public","tbl_analysis_entity_ages","age_range","The range as a tyed (int4range) value.","column"
"public","tbl_analysis_entity_dimensions","analysis_entity_dimension_id",1,"integer",32,0,NULL,"NO","YES","NO",NULL,NULL,"public","tbl_analysis_entity_dimensions","analysis_entity_dimension_id","Primary key (automatically incremented).","column"
"public","tbl_analysis_entity_dimensions","analysis_entity_id",2,"bigint",64,0,NULL,"NO","NO","YES","tbl_analysis_entities","analysis_entity_id","public","tbl_analysis_entity_dimensions","analysis_entity_id","Identifies the specific analysis entity associated with this record.","column"
"public","tbl_analysis_entity_dimensions","dimension_id",3,"integer",32,0,NULL,"NO","NO","YES","tbl_dimensions","dimension_id","public","tbl_analysis_entity_dimensions","dimension_id","Specifies the specific dimension being measured  (e.g., length, width, height)..","column"
"public","tbl_analysis_entity_dimensions","dimension_value",4,"numeric",NULL,NULL,NULL,"NO","NO","NO",NULL,NULL,"public","tbl_analysis_entity_dimensions","dimension_value","The quantified value of the measured dimension.","column"
"public","tbl_analysis_entity_dimensions","date_updated",5,"timestamp with time zone",NULL,NULL,NULL,"YES","NO","NO",NULL,NULL,NULL,NULL,NULL,NULL,NULL
"public","tbl_analysis_entity_prep_methods","analysis_entity_prep_method_id",1,"integer",32,0,NULL,"NO","YES","NO",NULL,NULL,"public","tbl_analysis_entity_prep_methods","analysis_entity_prep_method_id","Primary key (automatically incremented).","column"
"public","tbl_analysis_entity_prep_methods","analysis_entity_id",2,"bigint",64,0,NULL,"NO","NO","YES","tbl_analysis_entities","analysis_entity_id","public","tbl_analysis_entity_prep_methods","analysis_entity_id","Identifies the specific analysis entity associated with this record.","column"
"public","tbl_analysis_entity_prep_methods","method_id",3,"integer",32,0,NULL,"NO","NO","YES","tbl_methods","method_id","public","tbl_analysis_entity_prep_methods","method_id","Specifies the preparation method related to the analysis entity.","column"
"public","tbl_analysis_entity_prep_methods","date_updated",4,"timestamp with time zone",NULL,NULL,NULL,"YES","NO","NO",NULL,NULL,NULL,NULL,NULL,NULL,NULL
"public","tbl_analysis_identifiers","analysis_identifier_id",1,"bigint",64,0,NULL,"NO","YES","NO",NULL,NULL,"public","tbl_analysis_identifiers","analysis_identifier_id","Primary key (automatically incremented).","column"
"public","tbl_analysis_identifiers","analysis_value_id",2,"bigint",64,0,NULL,"NO","NO","YES","tbl_analysis_values","analysis_value_id","public","tbl_analysis_identifiers","analysis_value_id","Identifies the specific analysis value associated with this data.","column"
"public","tbl_analysis_identifiers","value",3,"text",NULL,NULL,NULL,"NO","NO","NO",NULL,NULL,"public","tbl_analysis_identifiers","value","The identifier value.","column"
"public","tbl_analysis_integer_ranges","analysis_integer_range_id",1,"bigint",64,0,NULL,"NO","YES","NO",NULL,NULL,"public","tbl_analysis_integer_ranges","analysis_integer_range_id","Primary key (automatically incremented).","column"
"public","tbl_analysis_integer_ranges","analysis_value_id",2,"bigint",64,0,NULL,"NO","NO","YES","tbl_analysis_values","analysis_value_id","public","tbl_analysis_integer_ranges","analysis_value_id","Identifies the specific analysis value associated with this data.","column"
"public","tbl_analysis_integer_ranges","low_value",3,"integer",32,0,NULL,"YES","NO","NO",NULL,NULL,"public","tbl_analysis_integer_ranges","low_value","The lower value of the analysis.","column"
"public","tbl_analysis_integer_ranges","high_value",4,"integer",32,0,NULL,"YES","NO","NO",NULL,NULL,"public","tbl_analysis_integer_ranges","high_value","The higher value of the analysis.","column"
"public","tbl_analysis_integer_ranges","low_is_uncertain",5,"boolean",NULL,NULL,NULL,"YES","NO","NO",NULL,NULL,"public","tbl_analysis_integer_ranges","low_is_uncertain","Indicates if lower value is uncertain (e.g. question mark).","column"
"public","tbl_analysis_integer_ranges","high_is_uncertain",6,"boolean",NULL,NULL,NULL,"YES","NO","NO",NULL,NULL,"public","tbl_analysis_integer_ranges","high_is_uncertain","Indicates if higher value is uncertain (e.g. question mark).","column"
"public","tbl_analysis_integer_ranges","low_qualifier",7,"text",NULL,NULL,NULL,"YES","NO","YES","tbl_value_qualifier_symbols","symbol","public","tbl_analysis_integer_ranges","low_qualifier","Additional information qualifying the lower value.","column"
"public","tbl_analysis_integer_ranges","high_qualifier",8,"text",NULL,NULL,NULL,"YES","NO","YES","tbl_value_qualifier_symbols","symbol","public","tbl_analysis_integer_ranges","high_qualifier","Additional information qualifying the higher value.","column"
"public","tbl_analysis_integer_ranges","is_variant",9,"boolean",NULL,NULL,NULL,"YES","NO","NO",NULL,NULL,"public","tbl_analysis_integer_ranges","is_variant","Indicates if value is an alternative interpretation of analysed value.","column"
"public","tbl_analysis_integer_values","analysis_integer_value_id",1,"bigint",64,0,NULL,"NO","YES","NO",NULL,NULL,"public","tbl_analysis_integer_values","analysis_integer_value_id","Primary key (automatically incremented).","column"
"public","tbl_analysis_integer_values","analysis_value_id",2,"bigint",64,0,NULL,"NO","NO","YES","tbl_analysis_values","analysis_value_id","public","tbl_analysis_integer_values","analysis_value_id","Identifies the specific analysis value associated with this data.","column"
"public","tbl_analysis_integer_values","qualifier",3,"text",NULL,NULL,NULL,"YES","NO","YES","tbl_value_qualifier_symbols","symbol","public","tbl_analysis_integer_values","qualifier","Additional information qualifying the value.","column"
"public","tbl_analysis_integer_values","value",4,"integer",32,0,NULL,"YES","NO","NO",NULL,NULL,"public","tbl_analysis_integer_values","value","The analysed value interpretated as an integer value.","column"
"public","tbl_analysis_integer_values","is_variant",5,"boolean",NULL,NULL,NULL,"YES","NO","NO",NULL,NULL,"public","tbl_analysis_integer_values","is_variant","Indicates if value is an alternative interpretation of analysed value.","column"
"public","tbl_analysis_notes","analysis_note_id",1,"bigint",64,0,NULL,"NO","YES","NO",NULL,NULL,"public","tbl_analysis_notes","analysis_note_id","Primary key (automatically incremented).","column"
"public","tbl_analysis_notes","analysis_value_id",2,"bigint",64,0,NULL,"NO","NO","YES","tbl_analysis_values","analysis_value_id","public","tbl_analysis_notes","analysis_value_id","Identifies the specific analysis value associated with this data.","column"
"public","tbl_analysis_notes","value",3,"text",NULL,NULL,NULL,"NO","NO","NO",NULL,NULL,"public","tbl_analysis_notes","value","The actal note.","column"
"public","tbl_analysis_numerical_ranges","analysis_numerical_range_id",1,"bigint",64,0,NULL,"NO","YES","NO",NULL,NULL,"public","tbl_analysis_numerical_ranges","analysis_numerical_range_id","Primary key (automatically incremented).","column"
"public","tbl_analysis_numerical_ranges","analysis_value_id",2,"bigint",64,0,NULL,"NO","NO","YES","tbl_analysis_values","analysis_value_id","public","tbl_analysis_numerical_ranges","analysis_value_id","Identifies the specific analysis value associated with this data.","column"
"public","tbl_analysis_numerical_ranges","value",3,"numrange",NULL,NULL,NULL,"NO","NO","NO",NULL,NULL,"public","tbl_analysis_numerical_ranges","value","The analysed value interpretated as a numerical (decimal) range.","column"
"public","tbl_analysis_numerical_ranges","low_is_uncertain",4,"boolean",NULL,NULL,NULL,"YES","NO","NO",NULL,NULL,"public","tbl_analysis_numerical_ranges","low_is_uncertain","Indicates if lower value is uncertain (e.g. question mark).","column"
"public","tbl_analysis_numerical_ranges","high_is_uncertain",5,"boolean",NULL,NULL,NULL,"YES","NO","NO",NULL,NULL,"public","tbl_analysis_numerical_ranges","high_is_uncertain","Indicates if higher value is uncertain (e.g. question mark).","column"
"public","tbl_analysis_numerical_ranges","low_qualifier",6,"text",NULL,NULL,NULL,"YES","NO","YES","tbl_value_qualifier_symbols","symbol","public","tbl_analysis_numerical_ranges","low_qualifier","Additional information qualifying the lower value.","column"
"public","tbl_analysis_numerical_ranges","high_qualifier",7,"text",NULL,NULL,NULL,"YES","NO","YES","tbl_value_qualifier_symbols","symbol","public","tbl_analysis_numerical_ranges","high_qualifier","Additional information qualifying the higher value.","column"
"public","tbl_analysis_numerical_ranges","is_variant",8,"boolean",NULL,NULL,NULL,"YES","NO","NO",NULL,NULL,"public","tbl_analysis_numerical_ranges","is_variant","Indicates if value is an alternative interpretation of analysed value.","column"
"public","tbl_analysis_numerical_values","analysis_numerical_value_id",1,"bigint",64,0,NULL,"NO","YES","NO",NULL,NULL,"public","tbl_analysis_numerical_values","analysis_numerical_value_id","Primary key (automatically incremented).","column"
"public","tbl_analysis_numerical_values","analysis_value_id",2,"bigint",64,0,NULL,"NO","NO","YES","tbl_analysis_values","analysis_value_id","public","tbl_analysis_numerical_values","analysis_value_id","Identifies the specific analysis value associated with this data.","column"
"public","tbl_analysis_numerical_values","qualifier",3,"text",NULL,NULL,NULL,"YES","NO","YES","tbl_value_qualifier_symbols","symbol","public","tbl_analysis_numerical_values","qualifier","Additional information qualifying the value.","column"
"public","tbl_analysis_numerical_values","value",4,"numeric",20,10,NULL,"YES","NO","NO",NULL,NULL,"public","tbl_analysis_numerical_values","value","The analysed value interpretated as a numerical (decimal) value.","column"
"public","tbl_analysis_numerical_values","is_variant",5,"boolean",NULL,NULL,NULL,"YES","NO","NO",NULL,NULL,"public","tbl_analysis_numerical_values","is_variant","Indicates if value is an alternative interpretation of analysed value.","column"
"public","tbl_analysis_taxon_counts","analysis_taxon_count_id",1,"integer",32,0,NULL,"NO","YES","NO",NULL,NULL,"public","tbl_analysis_taxon_counts","analysis_taxon_count_id","Primary key (automatically incremented).","column"
"public","tbl_analysis_taxon_counts","analysis_value_id",2,"bigint",64,0,NULL,"NO","NO","YES","tbl_analysis_values","analysis_value_id","public","tbl_analysis_taxon_counts","analysis_value_id","Identifies the specific analysis value associated with this data.","column"
"public","tbl_analysis_taxon_counts","taxon_id",3,"integer",32,0,NULL,"NO","NO","YES","tbl_taxa_tree_master","taxon_id","public","tbl_analysis_taxon_counts","taxon_id","Specifies the taxonomic unit related to this record.","column"
"public","tbl_analysis_taxon_counts","value",4,"numeric",20,10,NULL,"NO","NO","NO",NULL,NULL,"public","tbl_analysis_taxon_counts","value","The count of specified taxon.","column"
"public","tbl_analysis_value_dimensions","analysis_value_dimension_id",1,"integer",32,0,NULL,"NO","YES","NO",NULL,NULL,"public","tbl_analysis_value_dimensions","analysis_value_dimension_id","Primary key (automatically incremented).","column"
"public","tbl_analysis_value_dimensions","analysis_value_id",2,"bigint",64,0,NULL,"NO","NO","YES","tbl_analysis_values","analysis_value_id","public","tbl_analysis_value_dimensions","analysis_value_id","Identifies the specific analysis value associated with this data.","column"
"public","tbl_analysis_value_dimensions","dimension_id",3,"integer",32,0,NULL,"NO","NO","YES","tbl_dimensions","dimension_id","public","tbl_analysis_value_dimensions","dimension_id","Specifies the specific dimension being measured  (e.g., length, width, height)..","column"
"public","tbl_analysis_value_dimensions","value",4,"numeric",20,10,NULL,"NO","NO","NO",NULL,NULL,"public","tbl_analysis_value_dimensions","value","The value of specified dimension.","column"
"public","tbl_analysis_values","analysis_value_id",1,"bigint",64,0,NULL,"NO","YES","NO",NULL,NULL,"public","tbl_analysis_values","analysis_value_id","Primary key (automatically incremented).","column"
"public","tbl_analysis_values","value_class_id",2,"integer",32,0,NULL,"NO","NO","YES","tbl_value_classes","value_class_id","public","tbl_analysis_values","value_class_id","Reference to associated value class that specifies kind of analysis value.","column"
"public","tbl_analysis_values","analysis_entity_id",3,"bigint",64,0,NULL,"NO","NO","YES","tbl_analysis_entities","analysis_entity_id","public","tbl_analysis_values","analysis_entity_id","Identifies the specific analysis entity associated with this record.","column"
"public","tbl_analysis_values","analysis_value",4,"text",NULL,NULL,NULL,"YES","NO","NO",NULL,NULL,"public","tbl_analysis_values","analysis_value","The resulting value from the analysis (untyped as a string)","column"
"public","tbl_analysis_values","boolean_value",5,"boolean",NULL,NULL,NULL,"YES","NO","NO",NULL,NULL,"public","tbl_analysis_values","boolean_value","Boolean (true/false) interpretation of the value (is is_boolean is true).","column"
"public","tbl_analysis_values","is_boolean",6,"boolean",NULL,NULL,NULL,"YES","NO","NO",NULL,NULL,"public","tbl_analysis_values","is_boolean","Indicates if value is a boolean value.","column"
"public","tbl_analysis_values","is_uncertain",7,"boolean",NULL,NULL,NULL,"YES","NO","NO",NULL,NULL,"public","tbl_analysis_values","is_uncertain","Indicates if resulting value of analysis is uncertain.","column"
"public","tbl_analysis_values","is_undefined",8,"boolean",NULL,NULL,NULL,"YES","NO","NO",NULL,NULL,"public","tbl_analysis_values","is_undefined","Indicates if resulting value is undefined.","column"
"public","tbl_analysis_values","is_not_analyzed",9,"boolean",NULL,NULL,NULL,"YES","NO","NO",NULL,NULL,"public","tbl_analysis_values","is_not_analyzed","Indicates that no analysis was made.","column"
"public","tbl_analysis_values","is_indeterminable",10,"boolean",NULL,NULL,NULL,"YES","NO","NO",NULL,NULL,"public","tbl_analysis_values","is_indeterminable","Indicates if result of analysis is indeterminable.","column"
"public","tbl_analysis_values","is_anomaly",11,"boolean",NULL,NULL,NULL,"YES","NO","NO",NULL,NULL,"public","tbl_analysis_values","is_anomaly","Indicates if value is an anomaly i.e. not complying to expected value class.","column"
"public","tbl_biblio","biblio_id",1,"integer",32,0,NULL,"NO","YES","NO",NULL,NULL,"public","tbl_biblio","biblio_id","Primary key (automatically incremented).","column"
"public","tbl_biblio","bugs_reference",6,"character varying",NULL,NULL,60,"YES","NO","NO",NULL,NULL,"public","tbl_biblio","bugs_reference","Identifier linking this entry to the BugsCEP database or other related datasets.","column"
"public","tbl_biblio","date_updated",9,"timestamp with time zone",NULL,NULL,NULL,"YES","NO","NO",NULL,NULL,NULL,NULL,NULL,NULL,NULL
"public","tbl_biblio","doi",10,"character varying",NULL,NULL,255,"YES","NO","NO",NULL,NULL,"public","tbl_biblio","doi","Digital Object Identifier providing a stable, unique reference for digital content.","column"
"public","tbl_biblio","isbn",12,"character varying",NULL,NULL,128,"YES","NO","NO",NULL,NULL,"public","tbl_biblio","isbn","International Standard Book Number (ISBN) for cataloging and tracking books.","column"
"public","tbl_biblio","notes",14,"text",NULL,NULL,NULL,"YES","NO","NO",NULL,NULL,"public","tbl_biblio","notes","Additional anlabels or comments related to the bibliographic entry.","column"
"public","tbl_biblio","title",20,"character varying",NULL,NULL,NULL,"YES","NO","NO",NULL,NULL,"public","tbl_biblio","title","Title of the referenced work.","column"
"public","tbl_biblio","year",22,"character varying",NULL,NULL,255,"YES","NO","NO",NULL,NULL,"public","tbl_biblio","year","Year the referenced work was published.","column"
"public","tbl_biblio","authors",23,"character varying",NULL,NULL,NULL,"YES","NO","NO",NULL,NULL,"public","tbl_biblio","authors","Formatted list of authors for the bibliographic entry, adhering to citation standards.","column"
"public","tbl_biblio","full_reference",24,"text",NULL,NULL,NULL,"NO","NO","NO",NULL,NULL,"public","tbl_biblio","full_reference","Complete citation including all necessary details such as author, title, publication date, and publisher.","column"
"public","tbl_biblio","url",25,"character varying",NULL,NULL,NULL,"YES","NO","NO",NULL,NULL,"public","tbl_biblio","url","Online link to the bibliographic resource, if available.","column"
"public","tbl_biblio","biblio_uuid",26,"uuid",NULL,NULL,NULL,"NO","NO","NO",NULL,NULL,NULL,NULL,NULL,NULL,NULL
"public","tbl_ceramics","ceramics_id",1,"integer",32,0,NULL,"NO","YES","NO",NULL,NULL,"public","tbl_ceramics","ceramics_id","Primary key (automatically incremented).","column"
"public","tbl_ceramics","analysis_entity_id",2,"integer",32,0,NULL,"NO","NO","YES","tbl_analysis_entities","analysis_entity_id","public","tbl_ceramics","analysis_entity_id","Identifies the specific analysis entity associated with this record.","column"
"public","tbl_ceramics","measurement_value",3,"character varying",NULL,NULL,NULL,"NO","NO","NO",NULL,NULL,"public","tbl_ceramics","measurement_value","Numeric value representing the measurement obtained from the ceramic analysis.","column"
"public","tbl_ceramics","date_updated",4,"timestamp with time zone",NULL,NULL,NULL,"YES","NO","NO",NULL,NULL,NULL,NULL,NULL,NULL,NULL
"public","tbl_ceramics","ceramics_lookup_id",5,"integer",32,0,NULL,"NO","NO","YES","tbl_ceramics_lookup","ceramics_lookup_id","public","tbl_ceramics","ceramics_lookup_id","Specifies the detailed ceramic type or classification information.","column"
"public","tbl_ceramics_lookup","ceramics_lookup_id",1,"integer",32,0,NULL,"NO","YES","NO",NULL,NULL,"public","tbl_ceramics_lookup","ceramics_lookup_id","Primary key (automatically incremented).","column"
"public","tbl_ceramics_lookup","method_id",2,"integer",32,0,NULL,"NO","NO","YES","tbl_methods","method_id","public","tbl_ceramics_lookup","method_id","Specifies the method used to classify the ceramic type.","column"
"public","tbl_ceramics_lookup","description",3,"text",NULL,NULL,NULL,"YES","NO","NO",NULL,NULL,"public","tbl_ceramics_lookup","description","Detailed description of the ceramic type.","column"
"public","tbl_ceramics_lookup","name",4,"character varying",NULL,NULL,NULL,"NO","NO","NO",NULL,NULL,"public","tbl_ceramics_lookup","name","Name of the ceramic type.","column"
"public","tbl_ceramics_lookup","date_updated",5,"timestamp with time zone",NULL,NULL,NULL,"YES","NO","NO",NULL,NULL,NULL,NULL,NULL,NULL,NULL
"public","tbl_ceramics_measurements","ceramics_measurement_id",1,"integer",32,0,NULL,"NO","YES","NO",NULL,NULL,"public","tbl_ceramics_measurements","ceramics_measurement_id","Primary key (automatically incremented).","column"
"public","tbl_ceramics_measurements","date_updated",2,"timestamp with time zone",NULL,NULL,NULL,"YES","NO","NO",NULL,NULL,NULL,NULL,NULL,NULL,NULL
"public","tbl_ceramics_measurements","method_id",3,"integer",32,0,NULL,"YES","NO","YES","tbl_methods","method_id","public","tbl_ceramics_measurements","method_id","Specifies the method used for the ceramic analysis.","column"
"public","tbl_chronologies","chronology_id",1,"integer",32,0,NULL,"NO","YES","NO",NULL,NULL,"public","tbl_chronologies","chronology_id","Primary key (automatically incremented).","column"
"public","tbl_chronologies","age_model",2,"text",NULL,NULL,NULL,"YES","NO","NO",NULL,NULL,"public","tbl_chronologies","age_model","The methodology or model applied to determine the ages of samples within this chronology.","column"
"public","tbl_chronologies","relative_age_type_id",3,"integer",32,0,NULL,"YES","NO","NO",NULL,NULL,"public","tbl_chronologies","relative_age_type_id","This was previously constrained by the obsolete tbl_age_types table. Now, it serves as a non-binding reference to relative_age_types, although not fully implemented. Relevant notes should document year types and construction methods for the chronology.","column"
"public","tbl_chronologies","chronology_name",4,"text",NULL,NULL,NULL,"YES","NO","NO",NULL,NULL,"public","tbl_chronologies","chronology_name","A descriptive title for the chronology, indicating its purpose and extent.","column"
"public","tbl_chronologies","contact_id",5,"integer",32,0,NULL,"YES","NO","YES","tbl_contacts","contact_id","public","tbl_chronologies","contact_id","Identifies the contact person or organization for the chronology.","column"
"public","tbl_chronologies","date_prepared",6,"timestamp without time zone",NULL,NULL,NULL,"YES","NO","NO",NULL,NULL,"public","tbl_chronologies","date_prepared","The date the chronology was initially created or most recently updated.","column"
"public","tbl_chronologies","date_updated",7,"timestamp with time zone",NULL,NULL,NULL,"YES","NO","NO",NULL,NULL,NULL,NULL,NULL,NULL,NULL
"public","tbl_chronologies","notes",8,"text",NULL,NULL,NULL,"YES","NO","NO",NULL,NULL,"public","tbl_chronologies","notes","Supplementary information or anlabels related to the chronology, including data sources, assumptions, or constraints.","column"
"public","tbl_colours","colour_id",1,"integer",32,0,NULL,"NO","YES","NO",NULL,NULL,"public","tbl_colours","colour_id","Primary key (automatically incremented).","column"
"public","tbl_colours","colour_name",2,"character varying",NULL,NULL,30,"NO","NO","NO",NULL,NULL,"public","tbl_colours","colour_name","Descriptive name of the colour.","column"
"public","tbl_colours","date_updated",3,"timestamp with time zone",NULL,NULL,NULL,"YES","NO","NO",NULL,NULL,NULL,NULL,NULL,NULL,NULL
"public","tbl_colours","method_id",4,"integer",32,0,NULL,"NO","NO","YES","tbl_methods","method_id","public","tbl_colours","method_id","Specifies the method or colour space used for classification.","column"
"public","tbl_colours","rgb",5,"integer",32,0,NULL,"YES","NO","NO",NULL,NULL,"public","tbl_colours","rgb","RGB value representing the colour in the RGB colour model.","column"
"public","tbl_contact_types","contact_type_id",1,"integer",32,0,NULL,"NO","YES","NO",NULL,NULL,"public","tbl_contact_types","contact_type_id","Primary key (automatically incremented).","column"
"public","tbl_contact_types","contact_type_name",2,"character varying",NULL,NULL,150,"NO","NO","NO",NULL,NULL,"public","tbl_contact_types","contact_type_name","Name of the contact type, representing the role or function (e.g., researcher, laboratory, field technician).","column"
"public","tbl_contact_types","date_updated",3,"timestamp with time zone",NULL,NULL,NULL,"YES","NO","NO",NULL,NULL,NULL,NULL,NULL,NULL,NULL
"public","tbl_contact_types","description",4,"text",NULL,NULL,NULL,"YES","NO","NO",NULL,NULL,"public","tbl_contact_types","description","Comprehensive description of the contact type, detailing its role within the system.","column"
"public","tbl_contacts","contact_id",1,"integer",32,0,NULL,"NO","YES","NO",NULL,NULL,"public","tbl_contacts","contact_id","Primary key (automatically incremented).","column"
"public","tbl_contacts","address_1",2,"character varying",NULL,NULL,255,"YES","NO","NO",NULL,NULL,"public","tbl_contacts","address_1","Primary address, such as a street or institutional address.","column"
"public","tbl_contacts","address_2",3,"character varying",NULL,NULL,255,"YES","NO","NO",NULL,NULL,"public","tbl_contacts","address_2","Supplementary address information, such as an apartment or suite number.","column"
"public","tbl_contacts","location_id",4,"integer",32,0,NULL,"YES","NO","NO",NULL,NULL,"public","tbl_contacts","location_id","Specifies to a location, associating the contact with a specific geographic or organizational location.","column"
"public","tbl_contacts","email",5,"character varying",NULL,NULL,NULL,"YES","NO","NO",NULL,NULL,"public","tbl_contacts","email","Email address for contact communication.","column"
"public","tbl_contacts","first_name",6,"character varying",NULL,NULL,50,"YES","NO","NO",NULL,NULL,"public","tbl_contacts","first_name","Given name of the contact.","column"
"public","tbl_contacts","last_name",7,"character varying",NULL,NULL,100,"YES","NO","NO",NULL,NULL,"public","tbl_contacts","last_name","Surname of the contact.","column"
"public","tbl_contacts","phone_number",8,"character varying",NULL,NULL,50,"YES","NO","NO",NULL,NULL,"public","tbl_contacts","phone_number","Contact's phone number for direct communication.","column"
"public","tbl_contacts","url",9,"text",NULL,NULL,NULL,"YES","NO","NO",NULL,NULL,"public","tbl_contacts","url","Associated website or online profile link.","column"
"public","tbl_contacts","date_updated",10,"timestamp with time zone",NULL,NULL,NULL,"YES","NO","NO",NULL,NULL,NULL,NULL,NULL,NULL,NULL
"public","tbl_coordinate_method_dimensions","coordinate_method_dimension_id",1,"integer",32,0,NULL,"NO","YES","NO",NULL,NULL,"public","tbl_coordinate_method_dimensions","coordinate_method_dimension_id","Primary key (automatically incremented).","column"
"public","tbl_coordinate_method_dimensions","dimension_id",2,"integer",32,0,NULL,"NO","NO","YES","tbl_dimensions","dimension_id","public","tbl_coordinate_method_dimensions","dimension_id","Specifies the specific dimension being measured  (e.g., length, width, height)..","column"
"public","tbl_coordinate_method_dimensions","method_id",3,"integer",32,0,NULL,"NO","NO","YES","tbl_methods","method_id","public","tbl_coordinate_method_dimensions","method_id","Specifies the coordinate system method to which the dimension applies.","column"
"public","tbl_coordinate_method_dimensions","limit_upper",4,"numeric",18,10,NULL,"YES","NO","NO",NULL,NULL,"public","tbl_coordinate_method_dimensions","limit_upper","Specifies the upper bound of the legal value range for the dimension, if applicable.","column"
"public","tbl_coordinate_method_dimensions","limit_lower",5,"numeric",18,10,NULL,"YES","NO","NO",NULL,NULL,"public","tbl_coordinate_method_dimensions","limit_lower","Specifies the lower bound of the legal value range for the dimension, if applicable.","column"
"public","tbl_coordinate_method_dimensions","date_updated",6,"timestamp with time zone",NULL,NULL,NULL,"YES","NO","NO",NULL,NULL,NULL,NULL,NULL,NULL,NULL
"public","tbl_data_type_groups","data_type_group_id",1,"integer",32,0,NULL,"NO","YES","NO",NULL,NULL,"public","tbl_data_type_groups","data_type_group_id","Primary key (automatically incremented).","column"
"public","tbl_data_type_groups","data_type_group_name",2,"character varying",NULL,NULL,25,"YES","NO","NO",NULL,NULL,"public","tbl_data_type_groups","data_type_group_name","Name of the data type group.","column"
"public","tbl_data_type_groups","date_updated",3,"timestamp with time zone",NULL,NULL,NULL,"YES","NO","NO",NULL,NULL,NULL,NULL,NULL,NULL,NULL
"public","tbl_data_type_groups","description",4,"text",NULL,NULL,NULL,"YES","NO","NO",NULL,NULL,"public","tbl_data_type_groups","description","Detailed information about the data type group.","column"
"public","tbl_data_types","data_type_id",1,"integer",32,0,NULL,"NO","YES","NO",NULL,NULL,"public","tbl_data_types","data_type_id","Primary key (automatically incremented).","column"
"public","tbl_data_types","data_type_group_id",2,"integer",32,0,NULL,"NO","NO","YES","tbl_data_type_groups","data_type_group_id","public","tbl_data_types","data_type_group_id","Specifies the group to which this data type belongs.","column"
"public","tbl_data_types","data_type_name",3,"character varying",NULL,NULL,25,"YES","NO","NO",NULL,NULL,"public","tbl_data_types","data_type_name","The name of the data type, providing a descriptive label.","column"
"public","tbl_data_types","date_updated",4,"timestamp with time zone",NULL,NULL,NULL,"YES","NO","NO",NULL,NULL,NULL,NULL,NULL,NULL,NULL
"public","tbl_data_types","definition",5,"text",NULL,NULL,NULL,"YES","NO","NO",NULL,NULL,"public","tbl_data_types","definition","A detailed explanation or description of the data type.","column"
"public","tbl_dataset_contacts","dataset_contact_id",1,"integer",32,0,NULL,"NO","YES","NO",NULL,NULL,"public","tbl_dataset_contacts","dataset_contact_id","Primary key (automatically incremented).","column"
"public","tbl_dataset_contacts","contact_id",2,"integer",32,0,NULL,"NO","NO","YES","tbl_contacts","contact_id","public","tbl_dataset_contacts","contact_id","Identifies the contact person or organization related to the dataset.","column"
"public","tbl_dataset_contacts","contact_type_id",3,"integer",32,0,NULL,"NO","NO","YES","tbl_contact_types","contact_type_id","public","tbl_dataset_contacts","contact_type_id","Specifies the type of contact, such as provider or digitaliser.","column"
"public","tbl_dataset_contacts","dataset_id",4,"integer",32,0,NULL,"NO","NO","YES","tbl_datasets","dataset_id","public","tbl_dataset_contacts","dataset_id","Specifies the dataset the contact is related to.","column"
"public","tbl_dataset_contacts","date_updated",5,"timestamp with time zone",NULL,NULL,NULL,"YES","NO","NO",NULL,NULL,NULL,NULL,NULL,NULL,NULL
"public","tbl_dataset_masters","master_set_id",1,"integer",32,0,NULL,"NO","YES","NO",NULL,NULL,"public","tbl_dataset_masters","master_set_id","Primary key (automatically incremented).","column"
"public","tbl_dataset_masters","contact_id",2,"integer",32,0,NULL,"YES","NO","YES","tbl_contacts","contact_id","public","tbl_dataset_masters","contact_id","Identifies the contact person or organization responsible for the master dataset.","column"
"public","tbl_dataset_masters","biblio_id",3,"integer",32,0,NULL,"YES","NO","YES","tbl_biblio","biblio_id","public","tbl_dataset_masters","biblio_id","Specifies the primary literature or reference related to the master dataset (e.g., Buckland & Buckland 2006 for BugsCEP).","column"
"public","tbl_dataset_masters","master_name",4,"character varying",NULL,NULL,100,"YES","NO","NO",NULL,NULL,"public","tbl_dataset_masters","master_name","Name or title assigned to the master dataset (e.g., MAL, BugsCEP, DendroLab).","column"
"public","tbl_dataset_masters","master_notes",5,"text",NULL,NULL,NULL,"YES","NO","NO",NULL,NULL,"public","tbl_dataset_masters","master_notes","Detailed description of the master dataset, including its nature (e.g., database, lab) and any pertinent tracking information.","column"
"public","tbl_dataset_masters","url",6,"text",NULL,NULL,NULL,"YES","NO","NO",NULL,NULL,"public","tbl_dataset_masters","url","Web address or URL related to the master dataset, which could be a project, lab, or other entity.","column"
"public","tbl_dataset_masters","date_updated",7,"timestamp with time zone",NULL,NULL,NULL,"YES","NO","NO",NULL,NULL,NULL,NULL,NULL,NULL,NULL
"public","tbl_dataset_masters","master_set_uuid",8,"uuid",NULL,NULL,NULL,"NO","NO","NO",NULL,NULL,NULL,NULL,NULL,NULL,NULL
"public","tbl_dataset_methods","dataset_method_id",1,"integer",32,0,NULL,"NO","YES","NO",NULL,NULL,NULL,NULL,NULL,NULL,NULL
"public","tbl_dataset_methods","dataset_id",2,"integer",32,0,NULL,"NO","NO","YES","tbl_datasets","dataset_id",NULL,NULL,NULL,NULL,NULL
"public","tbl_dataset_methods","method_id",3,"integer",32,0,NULL,"NO","NO","YES","tbl_methods","method_id",NULL,NULL,NULL,NULL,NULL
"public","tbl_dataset_methods","date_updated",4,"timestamp with time zone",NULL,NULL,NULL,"YES","NO","NO",NULL,NULL,NULL,NULL,NULL,NULL,NULL
"public","tbl_dataset_submission_types","submission_type_id",1,"integer",32,0,NULL,"NO","YES","NO",NULL,NULL,"public","tbl_dataset_submission_types","submission_type_id","Primary key (automatically incremented).","column"
"public","tbl_dataset_submission_types","submission_type",2,"character varying",NULL,NULL,60,"NO","NO","NO",NULL,NULL,"public","tbl_dataset_submission_types","submission_type","A concise name showing the type of dataset submission (e.g., 'Original Submission', 'Ingestion from External Database').","column"
"public","tbl_dataset_submission_types","description",3,"text",NULL,NULL,NULL,"YES","NO","NO",NULL,NULL,"public","tbl_dataset_submission_types","description","A detailed explanation of the dataset submission type, describing the method of data ingestion.","column"
"public","tbl_dataset_submission_types","date_updated",4,"timestamp with time zone",NULL,NULL,NULL,"YES","NO","NO",NULL,NULL,NULL,NULL,NULL,NULL,NULL
"public","tbl_dataset_submissions","dataset_submission_id",1,"integer",32,0,NULL,"NO","YES","NO",NULL,NULL,"public","tbl_dataset_submissions","dataset_submission_id","Primary key (automatically incremented).","column"
"public","tbl_dataset_submissions","dataset_id",2,"integer",32,0,NULL,"NO","NO","YES","tbl_datasets","dataset_id","public","tbl_dataset_submissions","dataset_id","Specifies the dataset related to the submission.","column"
"public","tbl_dataset_submissions","submission_type_id",3,"integer",32,0,NULL,"NO","NO","YES","tbl_dataset_submission_types","submission_type_id","public","tbl_dataset_submissions","submission_type_id","Specifies the type or category of the submission event.","column"
"public","tbl_dataset_submissions","contact_id",4,"integer",32,0,NULL,"NO","NO","YES","tbl_contacts","contact_id","public","tbl_dataset_submissions","contact_id","Identifies the contact person or organization responsible for the dataset submission.","column"
"public","tbl_dataset_submissions","date_submitted",5,"text",NULL,NULL,NULL,"YES","NO","NO",NULL,NULL,"public","tbl_dataset_submissions","date_submitted","The timestamp indicating when the submission was completed.","column"
"public","tbl_dataset_submissions","notes",6,"text",NULL,NULL,NULL,"YES","NO","NO",NULL,NULL,"public","tbl_dataset_submissions","notes","Contains supplementary information regarding the submission, such as its origin if not documented elsewhere (e.g., BugsCEP).","column"
"public","tbl_dataset_submissions","date_updated",7,"timestamp with time zone",NULL,NULL,NULL,"YES","NO","NO",NULL,NULL,NULL,NULL,NULL,NULL,NULL
"public","tbl_datasets","dataset_id",1,"integer",32,0,NULL,"NO","YES","NO",NULL,NULL,"public","tbl_datasets","dataset_id","Primary key (automatically incremented).","column"
"public","tbl_datasets","master_set_id",2,"integer",32,0,NULL,"YES","NO","YES","tbl_dataset_masters","master_set_id","public","tbl_datasets","master_set_id","Specifies the master set to which this dataset belongs.","column"
"public","tbl_datasets","data_type_id",3,"integer",32,0,NULL,"NO","NO","YES","tbl_data_types","data_type_id","public","tbl_datasets","data_type_id","Specifies the type of data contained in the dataset.","column"
"public","tbl_datasets","method_id",4,"integer",32,0,NULL,"YES","NO","YES","tbl_methods","method_id","public","tbl_datasets","method_id","Specifies the method of analysis used for this dataset.","column"
"public","tbl_datasets","biblio_id",5,"integer",32,0,NULL,"YES","NO","YES","tbl_biblio","biblio_id","public","tbl_datasets","biblio_id","Specifies the publication that describes or mentions the dataset.","column"
"public","tbl_datasets","updated_dataset_id",6,"integer",32,0,NULL,"YES","NO","YES","tbl_datasets","dataset_id","public","tbl_datasets","updated_dataset_id","Specifies any subsequent version of this dataset.","column"
"public","tbl_datasets","project_id",7,"integer",32,0,NULL,"YES","NO","YES","tbl_projects","project_id","public","tbl_datasets","project_id","Specifies the project related to this dataset.","column"
"public","tbl_datasets","dataset_name",8,"character varying",NULL,NULL,50,"NO","NO","NO",NULL,NULL,"public","tbl_datasets","dataset_name","A unique identifier for the dataset at this site, potentially matching the sample group name or created for clarity and context.","column"
"public","tbl_datasets","date_updated",9,"timestamp with time zone",NULL,NULL,NULL,"YES","NO","NO",NULL,NULL,NULL,NULL,NULL,NULL,NULL
"public","tbl_datasets","dataset_uuid",10,"uuid",NULL,NULL,NULL,"NO","NO","NO",NULL,NULL,NULL,NULL,NULL,NULL,NULL
"public","tbl_dating_labs","dating_lab_id",1,"integer",32,0,NULL,"NO","YES","NO",NULL,NULL,"public","tbl_dating_labs","dating_lab_id","Primary key (automatically incremented).","column"
"public","tbl_dating_labs","contact_id",2,"integer",32,0,NULL,"YES","NO","YES","tbl_contacts","contact_id","public","tbl_dating_labs","contact_id","Identifies the contact person or organization related to the dating lab.","column"
"public","tbl_dating_labs","international_lab_id",3,"character varying",NULL,NULL,10,"NO","NO","NO",NULL,NULL,"public","tbl_dating_labs","international_lab_id","Standardized identifier for the radiocarbon lab, as listed on radiocarbon.org/laboratories.","column"
"public","tbl_dating_labs","lab_name",4,"character varying",NULL,NULL,100,"YES","NO","NO",NULL,NULL,"public","tbl_dating_labs","lab_name","Official name of the radiocarbon lab, standardized according to radiocarbon.org/laboratories.","column"
"public","tbl_dating_labs","country_id",5,"integer",32,0,NULL,"YES","NO","NO",NULL,NULL,"public","tbl_dating_labs","country_id","Specifies the country where the dating lab is located.","column"
"public","tbl_dating_labs","date_updated",6,"timestamp with time zone",NULL,NULL,NULL,"YES","NO","NO",NULL,NULL,NULL,NULL,NULL,NULL,NULL
"public","tbl_dating_material","dating_material_id",1,"integer",32,0,NULL,"NO","YES","NO",NULL,NULL,"public","tbl_dating_material","dating_material_id","Primary key (automatically incremented).","column"
"public","tbl_dating_material","geochron_id",2,"integer",32,0,NULL,"NO","NO","YES","tbl_geochronology","geochron_id","public","tbl_dating_material","geochron_id","Specifies the geochronological context of the dating material.","column"
"public","tbl_dating_material","taxon_id",3,"integer",32,0,NULL,"YES","NO","YES","tbl_taxa_tree_master","taxon_id","public","tbl_dating_material","taxon_id","Specifies the taxonomic unit related to this record.","column"
"public","tbl_dating_material","material_dated",4,"character varying",NULL,NULL,NULL,"YES","NO","NO",NULL,NULL,"public","tbl_dating_material","material_dated","Text field describing the specific material that was dated.","column"
"public","tbl_dating_material","description",5,"text",NULL,NULL,NULL,"YES","NO","NO",NULL,NULL,"public","tbl_dating_material","description","Detailed description of the dating material.","column"
"public","tbl_dating_material","abundance_element_id",6,"integer",32,0,NULL,"YES","NO","YES","tbl_abundance_elements","abundance_element_id","public","tbl_dating_material","abundance_element_id","Specifies the abundance element related to the material.","column"
"public","tbl_dating_material","date_updated",7,"timestamp with time zone",NULL,NULL,NULL,"YES","NO","NO",NULL,NULL,NULL,NULL,NULL,NULL,NULL
"public","tbl_dating_uncertainty","dating_uncertainty_id",1,"integer",32,0,NULL,"NO","YES","NO",NULL,NULL,"public","tbl_dating_uncertainty","dating_uncertainty_id","Primary key (automatically incremented).","column"
"public","tbl_dating_uncertainty","date_updated",2,"timestamp with time zone",NULL,NULL,NULL,"YES","NO","NO",NULL,NULL,NULL,NULL,NULL,NULL,NULL
"public","tbl_dating_uncertainty","description",3,"text",NULL,NULL,NULL,"YES","NO","NO",NULL,NULL,"public","tbl_dating_uncertainty","description","A description of the type of dating uncertainty.","column"
"public","tbl_dating_uncertainty","uncertainty",4,"character varying",NULL,NULL,NULL,"YES","NO","NO",NULL,NULL,"public","tbl_dating_uncertainty","uncertainty","A brief code or label showing the type of dating uncertainty, such as 'from', 'to', or 'Ca.'.","column"
"public","tbl_dendro","dendro_id",1,"integer",32,0,NULL,"NO","YES","NO",NULL,NULL,NULL,NULL,NULL,NULL,NULL
"public","tbl_dendro","analysis_entity_id",2,"integer",32,0,NULL,"NO","NO","YES","tbl_analysis_entities","analysis_entity_id",NULL,NULL,NULL,NULL,NULL
"public","tbl_dendro","measurement_value",3,"character varying",NULL,NULL,NULL,"NO","NO","NO",NULL,NULL,NULL,NULL,NULL,NULL,NULL
"public","tbl_dendro","date_updated",4,"timestamp with time zone",NULL,NULL,NULL,"YES","NO","NO",NULL,NULL,NULL,NULL,NULL,NULL,NULL
"public","tbl_dendro","dendro_lookup_id",5,"integer",32,0,NULL,"NO","NO","YES","tbl_dendro_lookup","dendro_lookup_id",NULL,NULL,NULL,NULL,NULL
"public","tbl_dendro_date_notes","dendro_date_note_id",1,"integer",32,0,NULL,"NO","YES","NO",NULL,NULL,NULL,NULL,NULL,NULL,NULL
"public","tbl_dendro_date_notes","dendro_date_id",2,"integer",32,0,NULL,"NO","NO","YES","tbl_dendro_dates","dendro_date_id",NULL,NULL,NULL,NULL,NULL
"public","tbl_dendro_date_notes","note",3,"text",NULL,NULL,NULL,"YES","NO","NO",NULL,NULL,NULL,NULL,NULL,NULL,NULL
"public","tbl_dendro_date_notes","date_updated",4,"timestamp with time zone",NULL,NULL,NULL,"YES","NO","NO",NULL,NULL,NULL,NULL,NULL,NULL,NULL
"public","tbl_dendro_dates","dendro_date_id",1,"integer",32,0,NULL,"NO","YES","NO",NULL,NULL,NULL,NULL,NULL,NULL,NULL
"public","tbl_dendro_dates","season_id",2,"integer",32,0,NULL,"YES","NO","NO",NULL,NULL,NULL,NULL,NULL,NULL,NULL
"public","tbl_dendro_dates","dating_uncertainty_id",3,"integer",32,0,NULL,"YES","NO","YES","tbl_dating_uncertainty","dating_uncertainty_id",NULL,NULL,NULL,NULL,NULL
"public","tbl_dendro_dates","dendro_lookup_id",4,"integer",32,0,NULL,"NO","NO","YES","tbl_dendro_lookup","dendro_lookup_id",NULL,NULL,NULL,NULL,NULL
"public","tbl_dendro_dates","age_type_id",5,"integer",32,0,NULL,"NO","NO","YES","tbl_age_types","age_type_id",NULL,NULL,NULL,NULL,NULL
"public","tbl_dendro_dates","analysis_entity_id",6,"integer",32,0,NULL,"NO","NO","YES","tbl_analysis_entities","analysis_entity_id",NULL,NULL,NULL,NULL,NULL
"public","tbl_dendro_dates","age_older",7,"integer",32,0,NULL,"YES","NO","NO",NULL,NULL,NULL,NULL,NULL,NULL,NULL
"public","tbl_dendro_dates","age_younger",8,"integer",32,0,NULL,"YES","NO","NO",NULL,NULL,NULL,NULL,NULL,NULL,NULL
"public","tbl_dendro_dates","date_updated",9,"timestamp with time zone",NULL,NULL,NULL,"YES","NO","NO",NULL,NULL,NULL,NULL,NULL,NULL,NULL
"public","tbl_dendro_dates","age_range",10,"int4range",NULL,NULL,NULL,"YES","NO","NO",NULL,NULL,NULL,NULL,NULL,NULL,NULL
"public","tbl_dendro_lookup","dendro_lookup_id",1,"integer",32,0,NULL,"NO","YES","NO",NULL,NULL,NULL,NULL,NULL,NULL,NULL
"public","tbl_dendro_lookup","method_id",2,"integer",32,0,NULL,"YES","NO","YES","tbl_methods","method_id",NULL,NULL,NULL,NULL,NULL
"public","tbl_dendro_lookup","name",3,"character varying",NULL,NULL,NULL,"NO","NO","NO",NULL,NULL,NULL,NULL,NULL,NULL,NULL
"public","tbl_dendro_lookup","description",4,"text",NULL,NULL,NULL,"YES","NO","NO",NULL,NULL,NULL,NULL,NULL,NULL,NULL
"public","tbl_dendro_lookup","date_updated",5,"timestamp with time zone",NULL,NULL,NULL,"YES","NO","NO",NULL,NULL,NULL,NULL,NULL,NULL,NULL
"public","tbl_dimensions","dimension_id",1,"integer",32,0,NULL,"NO","YES","NO",NULL,NULL,"public","tbl_dimensions","dimension_id","Primary key (automatically incremented).","column"
"public","tbl_dimensions","date_updated",2,"timestamp with time zone",NULL,NULL,NULL,"YES","NO","NO",NULL,NULL,NULL,NULL,NULL,NULL,NULL
"public","tbl_dimensions","dimension_abbrev",3,"character varying",NULL,NULL,40,"YES","NO","NO",NULL,NULL,"public","tbl_dimensions","dimension_abbrev","Abbreviation for the dimension type.","column"
"public","tbl_dimensions","dimension_description",4,"text",NULL,NULL,NULL,"YES","NO","NO",NULL,NULL,"public","tbl_dimensions","dimension_description","Detailed description of the dimension.","column"
"public","tbl_dimensions","dimension_name",5,"character varying",NULL,NULL,50,"NO","NO","NO",NULL,NULL,"public","tbl_dimensions","dimension_name","Name of the dimension type.","column"
"public","tbl_dimensions","unit_id",6,"integer",32,0,NULL,"YES","NO","YES","tbl_units","unit_id","public","tbl_dimensions","unit_id","Specifies the unit of measurement used for the dimension.","column"
"public","tbl_dimensions","method_group_id",7,"integer",32,0,NULL,"YES","NO","YES","tbl_method_groups","method_group_id","public","tbl_dimensions","method_group_id","Specifies the method group, limiting dimension application by group (e.g., size measurements, coordinate systems).","column"
"public","tbl_ecocode_definitions","ecocode_definition_id",1,"integer",32,0,NULL,"NO","YES","NO",NULL,NULL,"public","tbl_ecocode_definitions","ecocode_definition_id","Primary key (automatically incremented).","column"
"public","tbl_ecocode_definitions","abbreviation",2,"character varying",NULL,NULL,10,"YES","NO","NO",NULL,NULL,"public","tbl_ecocode_definitions","abbreviation","A short form or acronym representing the ecocode.","column"
"public","tbl_ecocode_definitions","date_updated",3,"timestamp with time zone",NULL,NULL,NULL,"YES","NO","NO",NULL,NULL,NULL,NULL,NULL,NULL,NULL
"public","tbl_ecocode_definitions","definition",4,"text",NULL,NULL,NULL,"YES","NO","NO",NULL,NULL,"public","tbl_ecocode_definitions","definition","A detailed explanation of the ecocode category.","column"
"public","tbl_ecocode_definitions","ecocode_group_id",5,"integer",32,0,NULL,"YES","NO","YES","tbl_ecocode_groups","ecocode_group_id","public","tbl_ecocode_definitions","ecocode_group_id","Specifies the ecocode group to which this definition belongs.","column"
"public","tbl_ecocode_definitions","name",6,"character varying",NULL,NULL,150,"YES","NO","NO",NULL,NULL,"public","tbl_ecocode_definitions","name","The name of the ecocode category.","column"
"public","tbl_ecocode_definitions","notes",7,"text",NULL,NULL,NULL,"YES","NO","NO",NULL,NULL,"public","tbl_ecocode_definitions","notes","Additional information or comments about the ecocode.","column"
"public","tbl_ecocode_definitions","sort_order",8,"smallint",16,0,NULL,"YES","NO","NO",NULL,NULL,"public","tbl_ecocode_definitions","sort_order","Indicates the display order of ecocode definitions.","column"
"public","tbl_ecocode_groups","ecocode_group_id",1,"integer",32,0,NULL,"NO","YES","NO",NULL,NULL,"public","tbl_ecocode_groups","ecocode_group_id","Primary key (automatically incremented).","column"
"public","tbl_ecocode_groups","date_updated",2,"timestamp with time zone",NULL,NULL,NULL,"YES","NO","NO",NULL,NULL,NULL,NULL,NULL,NULL,NULL
"public","tbl_ecocode_groups","definition",3,"text",NULL,NULL,NULL,"YES","NO","NO",NULL,NULL,"public","tbl_ecocode_groups","definition","Detailed description of the ecocode group, outlining its characteristics and purpose.","column"
"public","tbl_ecocode_groups","ecocode_system_id",4,"integer",32,0,NULL,"YES","NO","YES","tbl_ecocode_systems","ecocode_system_id","public","tbl_ecocode_groups","ecocode_system_id","Specifies the ecocode system to which this group belongs.","column"
"public","tbl_ecocode_groups","name",5,"character varying",NULL,NULL,200,"YES","NO","NO",NULL,NULL,"public","tbl_ecocode_groups","name","Full name of the ecocode group.","column"
"public","tbl_ecocode_groups","abbreviation",6,"character varying",NULL,NULL,255,"YES","NO","NO",NULL,NULL,"public","tbl_ecocode_groups","abbreviation","Shortened form of the ecocode group name for quick reference.","column"
"public","tbl_ecocode_systems","ecocode_system_id",1,"integer",32,0,NULL,"NO","YES","NO",NULL,NULL,"public","tbl_ecocode_systems","ecocode_system_id","Primary key (automatically incremented).","column"
"public","tbl_ecocode_systems","biblio_id",2,"integer",32,0,NULL,"YES","NO","YES","tbl_biblio","biblio_id","public","tbl_ecocode_systems","biblio_id","Specifies the publication that describes or mentions  the ecocode system.","column"
"public","tbl_ecocode_systems","date_updated",3,"timestamp with time zone",NULL,NULL,NULL,"YES","NO","NO",NULL,NULL,NULL,NULL,NULL,NULL,NULL
"public","tbl_ecocode_systems","definition",4,"text",NULL,NULL,NULL,"YES","NO","NO",NULL,NULL,"public","tbl_ecocode_systems","definition","Detailed description of the ecocode system.","column"
"public","tbl_ecocode_systems","name",5,"character varying",NULL,NULL,50,"YES","NO","NO",NULL,NULL,"public","tbl_ecocode_systems","name","Name of the ecocode system.","column"
"public","tbl_ecocode_systems","notes",6,"text",NULL,NULL,NULL,"YES","NO","NO",NULL,NULL,"public","tbl_ecocode_systems","notes","Additional notes or comments about the ecocode system.","column"
"public","tbl_ecocode_systems","ecocode_system_uuid",7,"uuid",NULL,NULL,NULL,"NO","NO","NO",NULL,NULL,NULL,NULL,NULL,NULL,NULL
"public","tbl_ecocodes","ecocode_id",1,"integer",32,0,NULL,"NO","YES","NO",NULL,NULL,"public","tbl_ecocodes","ecocode_id","Primary key (automatically incremented).","column"
"public","tbl_ecocodes","date_updated",2,"timestamp with time zone",NULL,NULL,NULL,"YES","NO","NO",NULL,NULL,NULL,NULL,NULL,NULL,NULL
"public","tbl_ecocodes","ecocode_definition_id",3,"integer",32,0,NULL,"YES","NO","YES","tbl_ecocode_definitions","ecocode_definition_id","public","tbl_ecocodes","ecocode_definition_id","Specifies the ecocode definition this ecocode belongs to.","column"
"public","tbl_ecocodes","taxon_id",4,"integer",32,0,NULL,"YES","NO","YES","tbl_taxa_tree_master","taxon_id","public","tbl_ecocodes","taxon_id","Specifies the taxonomic unit related to this record.","column"
"public","tbl_feature_types","feature_type_id",1,"integer",32,0,NULL,"NO","YES","NO",NULL,NULL,"public","tbl_feature_types","feature_type_id","Primary key (automatically incremented).","column"
"public","tbl_feature_types","feature_type_name",2,"character varying",NULL,NULL,128,"YES","NO","NO",NULL,NULL,"public","tbl_feature_types","feature_type_name","The name of the feature type, providing a concise label for identification.","column"
"public","tbl_feature_types","feature_type_description",3,"text",NULL,NULL,NULL,"YES","NO","NO",NULL,NULL,"public","tbl_feature_types","feature_type_description","A detailed description of the feature type, explaining its characteristics and significance.","column"
"public","tbl_feature_types","date_updated",4,"timestamp with time zone",NULL,NULL,NULL,"YES","NO","NO",NULL,NULL,NULL,NULL,NULL,NULL,NULL
"public","tbl_features","feature_id",1,"integer",32,0,NULL,"NO","YES","NO",NULL,NULL,"public","tbl_features","feature_id","Primary key (automatically incremented).","column"
"public","tbl_features","feature_type_id",2,"integer",32,0,NULL,"NO","NO","YES","tbl_feature_types","feature_type_id","public","tbl_features","feature_type_id","Specifies the type of feature.","column"
"public","tbl_features","feature_name",3,"character varying",NULL,NULL,NULL,"YES","NO","NO",NULL,NULL,"public","tbl_features","feature_name","The established reference name or number for the feature, such as 'well 47', 'anl.3', or 'c107'. Note: A sample may derive from multiple features (e.g., 'c107' within 'well 47'), but each feature should be recorded separately.","column"
"public","tbl_features","feature_description",4,"text",NULL,NULL,NULL,"YES","NO","NO",NULL,NULL,"public","tbl_features","feature_description","A detailed description of the feature, which may include field and lab notes or interpretative information helpful for analyzing the sample data.","column"
"public","tbl_features","date_updated",5,"timestamp with time zone",NULL,NULL,NULL,"YES","NO","NO",NULL,NULL,NULL,NULL,NULL,NULL,NULL
"public","tbl_geochron_refs","geochron_ref_id",1,"integer",32,0,NULL,"NO","YES","NO",NULL,NULL,"public","tbl_geochron_refs","geochron_ref_id","Primary key (automatically incremented).","column"
"public","tbl_geochron_refs","geochron_id",2,"integer",32,0,NULL,"NO","NO","YES","tbl_geochronology","geochron_id","public","tbl_geochron_refs","geochron_id","Specifies the geochronological record related to this reference.","column"
"public","tbl_geochron_refs","biblio_id",3,"integer",32,0,NULL,"NO","NO","YES","tbl_biblio","biblio_id","public","tbl_geochron_refs","biblio_id","Specifies the publication that describes or mentions the geochronological dating.","column"
"public","tbl_geochron_refs","date_updated",4,"timestamp with time zone",NULL,NULL,NULL,"YES","NO","NO",NULL,NULL,NULL,NULL,NULL,NULL,NULL
"public","tbl_geochronology","geochron_id",1,"integer",32,0,NULL,"NO","YES","NO",NULL,NULL,"public","tbl_geochronology","geochron_id","Primary key (automatically incremented).","column"
"public","tbl_geochronology","analysis_entity_id",2,"bigint",64,0,NULL,"NO","NO","YES","tbl_analysis_entities","analysis_entity_id","public","tbl_geochronology","analysis_entity_id","Identifies the specific analysis entity associated with this record.","column"
"public","tbl_geochronology","dating_lab_id",3,"integer",32,0,NULL,"YES","NO","YES","tbl_dating_labs","dating_lab_id","public","tbl_geochronology","dating_lab_id","Foreign key identifying the laboratory that conducted the dating analysis.","column"
"public","tbl_geochronology","lab_number",4,"character varying",NULL,NULL,40,"YES","NO","NO",NULL,NULL,"public","tbl_geochronology","lab_number","Identifier assigned by the laboratory for the sample.","column"
"public","tbl_geochronology","age",5,"numeric",20,5,NULL,"YES","NO","NO",NULL,NULL,"public","tbl_geochronology","age","Measured radiometric age of the sample, expressed in years.","column"
"public","tbl_geochronology","error_older",6,"numeric",20,5,NULL,"YES","NO","NO",NULL,NULL,"public","tbl_geochronology","error_older","Upper bound of the measured error range. Matches 'error_younger' for symmetrical errors.","column"
"public","tbl_geochronology","error_younger",7,"numeric",20,5,NULL,"YES","NO","NO",NULL,NULL,"public","tbl_geochronology","error_younger","Lower bound of the measured error range. Matches 'error_older' for symmetrical errors.","column"
"public","tbl_geochronology","delta_13c",8,"numeric",10,5,NULL,"YES","NO","NO",NULL,NULL,"public","tbl_geochronology","delta_13c","Delta 13C value used for calibration correction, when available.","column"
"public","tbl_geochronology","notes",9,"text",NULL,NULL,NULL,"YES","NO","NO",NULL,NULL,"public","tbl_geochronology","notes","Additional notes or comments pertinent to this specific date.","column"
"public","tbl_geochronology","date_updated",10,"timestamp with time zone",NULL,NULL,NULL,"YES","NO","NO",NULL,NULL,NULL,NULL,NULL,NULL,NULL
"public","tbl_geochronology","dating_uncertainty_id",11,"integer",32,0,NULL,"YES","NO","YES","tbl_dating_uncertainty","dating_uncertainty_id","public","tbl_geochronology","dating_uncertainty_id","Specifies the uncertainty category related to the dating method used.","column"
"public","tbl_geochronology","geochron_uuid",12,"uuid",NULL,NULL,NULL,"NO","NO","NO",NULL,NULL,NULL,NULL,NULL,NULL,NULL
"public","tbl_horizons","horizon_id",1,"integer",32,0,NULL,"NO","YES","NO",NULL,NULL,"public","tbl_horizons","horizon_id","Primary key (automatically incremented).","column"
"public","tbl_horizons","date_updated",2,"timestamp with time zone",NULL,NULL,NULL,"YES","NO","NO",NULL,NULL,NULL,NULL,NULL,NULL,NULL
"public","tbl_horizons","description",3,"text",NULL,NULL,NULL,"YES","NO","NO",NULL,NULL,"public","tbl_horizons","description","Detailed description of the soil horizon.","column"
"public","tbl_horizons","horizon_name",4,"character varying",NULL,NULL,15,"NO","NO","NO",NULL,NULL,"public","tbl_horizons","horizon_name","Name or designation of the soil horizon.","column"
"public","tbl_horizons","method_id",5,"integer",32,0,NULL,"NO","NO","YES","tbl_methods","method_id","public","tbl_horizons","method_id","Specifies the method used to identify or classify the horizon.","column"
"public","tbl_identification_levels","identification_level_id",1,"integer",32,0,NULL,"NO","YES","NO",NULL,NULL,"public","tbl_identification_levels","identification_level_id","Primary key (automatically incremented).","column"
"public","tbl_identification_levels","identification_level_abbrev",2,"character varying",NULL,NULL,50,"YES","NO","NO",NULL,NULL,"public","tbl_identification_levels","identification_level_abbrev","Abbreviation for the identification level, used for quick reference.","column"
"public","tbl_identification_levels","identification_level_name",3,"character varying",NULL,NULL,50,"YES","NO","NO",NULL,NULL,"public","tbl_identification_levels","identification_level_name","The full name of the identification level, providing a detailed description.","column"
"public","tbl_identification_levels","notes",4,"text",NULL,NULL,NULL,"YES","NO","NO",NULL,NULL,"public","tbl_identification_levels","notes","Additional information or remarks related to the identification level.","column"
"public","tbl_identification_levels","date_updated",5,"timestamp with time zone",NULL,NULL,NULL,"YES","NO","NO",NULL,NULL,NULL,NULL,NULL,NULL,NULL
"public","tbl_image_types","image_type_id",1,"integer",32,0,NULL,"NO","YES","NO",NULL,NULL,"public","tbl_image_types","image_type_id","Primary key (automatically incremented).","column"
"public","tbl_image_types","date_updated",2,"timestamp with time zone",NULL,NULL,NULL,"YES","NO","NO",NULL,NULL,NULL,NULL,NULL,NULL,NULL
"public","tbl_image_types","description",3,"text",NULL,NULL,NULL,"YES","NO","NO",NULL,NULL,"public","tbl_image_types","description","A brief explanation of the image type's purpose.","column"
"public","tbl_image_types","image_type",4,"character varying",NULL,NULL,40,"NO","NO","NO",NULL,NULL,"public","tbl_image_types","image_type","The specific category or designation of the image.","column"
"public","tbl_imported_taxa_replacements","imported_taxa_replacement_id",1,"integer",32,0,NULL,"NO","YES","NO",NULL,NULL,NULL,NULL,NULL,NULL,NULL
"public","tbl_imported_taxa_replacements","date_updated",2,"timestamp with time zone",NULL,NULL,NULL,"YES","NO","NO",NULL,NULL,NULL,NULL,NULL,NULL,NULL
"public","tbl_imported_taxa_replacements","imported_name_replaced",3,"character varying",NULL,NULL,100,"NO","NO","NO",NULL,NULL,NULL,NULL,NULL,NULL,NULL
"public","tbl_imported_taxa_replacements","taxon_id",4,"integer",32,0,NULL,"NO","NO","YES","tbl_taxa_tree_master","taxon_id",NULL,NULL,NULL,NULL,NULL
"public","tbl_isotope_measurements","isotope_measurement_id",1,"integer",32,0,NULL,"NO","YES","NO",NULL,NULL,NULL,NULL,NULL,NULL,NULL
"public","tbl_isotope_measurements","isotope_standard_id",2,"integer",32,0,NULL,"YES","NO","YES","tbl_isotope_standards","isotope_standard_id",NULL,NULL,NULL,NULL,NULL
"public","tbl_isotope_measurements","method_id",3,"integer",32,0,NULL,"YES","NO","YES","tbl_methods","method_id",NULL,NULL,NULL,NULL,NULL
"public","tbl_isotope_measurements","isotope_type_id",4,"integer",32,0,NULL,"YES","NO","YES","tbl_isotope_types","isotope_type_id",NULL,NULL,NULL,NULL,NULL
"public","tbl_isotope_measurements","date_updated",5,"timestamp with time zone",NULL,NULL,NULL,"YES","NO","NO",NULL,NULL,NULL,NULL,NULL,NULL,NULL
"public","tbl_isotope_standards","isotope_standard_id",1,"integer",32,0,NULL,"NO","YES","NO",NULL,NULL,NULL,NULL,NULL,NULL,NULL
"public","tbl_isotope_standards","isotope_ration",2,"character varying",NULL,NULL,NULL,"YES","NO","NO",NULL,NULL,NULL,NULL,NULL,NULL,NULL
"public","tbl_isotope_standards","international_scale",3,"character varying",NULL,NULL,NULL,"YES","NO","NO",NULL,NULL,NULL,NULL,NULL,NULL,NULL
"public","tbl_isotope_standards","accepted_ratio_xe6",4,"character varying",NULL,NULL,NULL,"YES","NO","NO",NULL,NULL,NULL,NULL,NULL,NULL,NULL
"public","tbl_isotope_standards","error_of_ratio",5,"character varying",NULL,NULL,NULL,"YES","NO","NO",NULL,NULL,NULL,NULL,NULL,NULL,NULL
"public","tbl_isotope_standards","reference",6,"character varying",NULL,NULL,NULL,"YES","NO","NO",NULL,NULL,NULL,NULL,NULL,NULL,NULL
"public","tbl_isotope_standards","date_updated",7,"timestamp with time zone",NULL,NULL,NULL,"YES","NO","NO",NULL,NULL,NULL,NULL,NULL,NULL,NULL
"public","tbl_isotope_types","isotope_type_id",1,"integer",32,0,NULL,"NO","YES","NO",NULL,NULL,NULL,NULL,NULL,NULL,NULL
"public","tbl_isotope_types","designation",2,"character varying",NULL,NULL,NULL,"YES","NO","NO",NULL,NULL,NULL,NULL,NULL,NULL,NULL
"public","tbl_isotope_types","abbreviation",3,"character varying",NULL,NULL,NULL,"YES","NO","NO",NULL,NULL,NULL,NULL,NULL,NULL,NULL
"public","tbl_isotope_types","atomic_number",4,"numeric",NULL,NULL,NULL,"YES","NO","NO",NULL,NULL,NULL,NULL,NULL,NULL,NULL
"public","tbl_isotope_types","description",5,"text",NULL,NULL,NULL,"YES","NO","NO",NULL,NULL,NULL,NULL,NULL,NULL,NULL
"public","tbl_isotope_types","alternative_designation",6,"character varying",NULL,NULL,NULL,"YES","NO","NO",NULL,NULL,NULL,NULL,NULL,NULL,NULL
"public","tbl_isotope_types","date_updated",7,"timestamp with time zone",NULL,NULL,NULL,"YES","NO","NO",NULL,NULL,NULL,NULL,NULL,NULL,NULL
"public","tbl_isotope_value_specifiers","isotope_value_specifier_id",1,"integer",32,0,NULL,"NO","YES","NO",NULL,NULL,NULL,NULL,NULL,NULL,NULL
"public","tbl_isotope_value_specifiers","name",2,"character varying",NULL,NULL,NULL,"NO","NO","NO",NULL,NULL,NULL,NULL,NULL,NULL,NULL
"public","tbl_isotope_value_specifiers","description",3,"text",NULL,NULL,NULL,"NO","NO","NO",NULL,NULL,NULL,NULL,NULL,NULL,NULL
"public","tbl_isotope_value_specifiers","date_updated",4,"timestamp with time zone",NULL,NULL,NULL,"YES","NO","NO",NULL,NULL,NULL,NULL,NULL,NULL,NULL
"public","tbl_isotopes","isotope_id",1,"integer",32,0,NULL,"NO","YES","NO",NULL,NULL,NULL,NULL,NULL,NULL,NULL
"public","tbl_isotopes","analysis_entity_id",2,"integer",32,0,NULL,"NO","NO","YES","tbl_analysis_entities","analysis_entity_id",NULL,NULL,NULL,NULL,NULL
"public","tbl_isotopes","isotope_measurement_id",3,"integer",32,0,NULL,"NO","NO","YES","tbl_isotope_measurements","isotope_measurement_id",NULL,NULL,NULL,NULL,NULL
"public","tbl_isotopes","isotope_standard_id",4,"integer",32,0,NULL,"YES","NO","YES","tbl_isotope_standards","isotope_standard_id",NULL,NULL,NULL,NULL,NULL
"public","tbl_isotopes","measurement_value",5,"text",NULL,NULL,NULL,"YES","NO","NO",NULL,NULL,NULL,NULL,NULL,NULL,NULL
"public","tbl_isotopes","unit_id",6,"integer",32,0,NULL,"NO","NO","YES","tbl_units","unit_id",NULL,NULL,NULL,NULL,NULL
"public","tbl_isotopes","isotope_value_specifier_id",7,"integer",32,0,NULL,"NO","NO","YES","tbl_isotope_value_specifiers","isotope_value_specifier_id",NULL,NULL,NULL,NULL,NULL
"public","tbl_isotopes","date_updated",8,"timestamp with time zone",NULL,NULL,NULL,"YES","NO","NO",NULL,NULL,NULL,NULL,NULL,NULL,NULL
"public","tbl_languages","language_id",1,"integer",32,0,NULL,"NO","YES","NO",NULL,NULL,"public","tbl_languages","language_id","Primary key (automatically incremented).","column"
"public","tbl_languages","date_updated",2,"timestamp with time zone",NULL,NULL,NULL,"YES","NO","NO",NULL,NULL,NULL,NULL,NULL,NULL,NULL
"public","tbl_languages","language_name_english",3,"character varying",NULL,NULL,100,"YES","NO","NO",NULL,NULL,"public","tbl_languages","language_name_english","The name of the language in English.","column"
"public","tbl_languages","language_name_native",4,"character varying",NULL,NULL,100,"YES","NO","NO",NULL,NULL,"public","tbl_languages","language_name_native","The name of the language in its native script or form.","column"
"public","tbl_lithology","lithology_id",1,"integer",32,0,NULL,"NO","YES","NO",NULL,NULL,"public","tbl_lithology","lithology_id","Primary key (automatically incremented).","column"
"public","tbl_lithology","date_updated",2,"timestamp with time zone",NULL,NULL,NULL,"YES","NO","NO",NULL,NULL,NULL,NULL,NULL,NULL,NULL
"public","tbl_lithology","depth_bottom",3,"numeric",20,5,NULL,"YES","NO","NO",NULL,NULL,"public","tbl_lithology","depth_bottom","The depth at the bottom of the lithological layer, measured in centimeters.","column"
"public","tbl_lithology","depth_top",4,"numeric",20,5,NULL,"NO","NO","NO",NULL,NULL,"public","tbl_lithology","depth_top","The depth at the top of the lithological layer, measured in centimeters.","column"
"public","tbl_lithology","description",5,"text",NULL,NULL,NULL,"NO","NO","NO",NULL,NULL,"public","tbl_lithology","description","A description of the lithological characteristics of the sedimentary layer.","column"
"public","tbl_lithology","lower_boundary",6,"character varying",NULL,NULL,255,"YES","NO","NO",NULL,NULL,"public","tbl_lithology","lower_boundary","Details regarding the boundary characteristics at the lower end of the lithological layer.","column"
"public","tbl_lithology","sample_group_id",7,"integer",32,0,NULL,"NO","NO","YES","tbl_sample_groups","sample_group_id","public","tbl_lithology","sample_group_id","Identifies a sample group. linking lithology data to specific sample groups.","column"
"public","tbl_location_types","location_type_id",1,"integer",32,0,NULL,"NO","YES","NO",NULL,NULL,"public","tbl_location_types","location_type_id","Primary key (automatically incremented).","column"
"public","tbl_location_types","date_updated",2,"timestamp with time zone",NULL,NULL,NULL,"YES","NO","NO",NULL,NULL,NULL,NULL,NULL,NULL,NULL
"public","tbl_location_types","description",3,"text",NULL,NULL,NULL,"YES","NO","NO",NULL,NULL,"public","tbl_location_types","description","A detailed explanation or definition of the location type.","column"
"public","tbl_location_types","location_type",4,"character varying",NULL,NULL,40,"YES","NO","NO",NULL,NULL,"public","tbl_location_types","location_type","The name or designation of the location type (e.g., country, city, lake).","column"
"public","tbl_locations","location_id",1,"integer",32,0,NULL,"NO","YES","NO",NULL,NULL,"public","tbl_locations","location_id","Primary key (automatically incremented).","column"
"public","tbl_locations","location_name",2,"character varying",NULL,NULL,255,"NO","NO","NO",NULL,NULL,"public","tbl_locations","location_name","The name of the location.","column"
"public","tbl_locations","location_type_id",3,"integer",32,0,NULL,"NO","NO","YES","tbl_location_types","location_type_id","public","tbl_locations","location_type_id","Specifies the type of location.","column"
"public","tbl_locations","default_lat_dd",4,"numeric",18,10,NULL,"YES","NO","NO",NULL,NULL,"public","tbl_locations","default_lat_dd","Default latitude of the location in decimal degrees, e.g., the midpoint of a country. Leave empty if unknown.","column"
"public","tbl_locations","default_long_dd",5,"numeric",18,10,NULL,"YES","NO","NO",NULL,NULL,"public","tbl_locations","default_long_dd","Default longitude of the location in decimal degrees, e.g., the midpoint of a country. Leave empty if unknown.","column"
"public","tbl_locations","date_updated",6,"timestamp with time zone",NULL,NULL,NULL,"YES","NO","NO",NULL,NULL,NULL,NULL,NULL,NULL,NULL
"public","tbl_mcr_names","taxon_id",1,"integer",32,0,NULL,"NO","YES","YES","tbl_taxa_tree_master","taxon_id","public","tbl_mcr_names","taxon_id","Primary key. Specifies the taxonomic unit related to this record.","column"
"public","tbl_mcr_names","comparison_notes",2,"character varying",NULL,NULL,255,"YES","NO","NO",NULL,NULL,"public","tbl_mcr_names","comparison_notes","Additional notes for cross-referencing and comparison with other taxa.","column"
"public","tbl_mcr_names","date_updated",3,"timestamp with time zone",NULL,NULL,NULL,"YES","NO","NO",NULL,NULL,NULL,NULL,NULL,NULL,NULL
"public","tbl_mcr_names","mcr_name_trim",4,"character varying",NULL,NULL,80,"YES","NO","NO",NULL,NULL,"public","tbl_mcr_names","mcr_name_trim","The abbreviated or trimmed version of the MCR taxon name for consistency.","column"
"public","tbl_mcr_names","mcr_number",5,"smallint",16,0,NULL,"YES","NO","NO",NULL,NULL,"public","tbl_mcr_names","mcr_number","A unique identifier related to each MCR taxon name.","column"
"public","tbl_mcr_names","mcr_species_name",6,"character varying",NULL,NULL,200,"YES","NO","NO",NULL,NULL,"public","tbl_mcr_names","mcr_species_name","The full scientific name of the species as used in MCR calculations.","column"
"public","tbl_mcr_summary_data","mcr_summary_data_id",1,"integer",32,0,NULL,"NO","YES","NO",NULL,NULL,"public","tbl_mcr_summary_data","mcr_summary_data_id","Primary key (automatically incremented).","column"
"public","tbl_mcr_summary_data","cog_mid_tmax",2,"smallint",16,0,NULL,"YES","NO","NO",NULL,NULL,"public","tbl_mcr_summary_data","cog_mid_tmax","Midpoint of the maximum temperature range for the center of gravity of the species.","column"
"public","tbl_mcr_summary_data","cog_mid_trange",3,"smallint",16,0,NULL,"YES","NO","NO",NULL,NULL,"public","tbl_mcr_summary_data","cog_mid_trange","Midpoint of the temperature range for the center of gravity of the species.","column"
"public","tbl_mcr_summary_data","date_updated",4,"timestamp with time zone",NULL,NULL,NULL,"YES","NO","NO",NULL,NULL,NULL,NULL,NULL,NULL,NULL
"public","tbl_mcr_summary_data","taxon_id",5,"integer",32,0,NULL,"NO","NO","YES","tbl_taxa_tree_master","taxon_id","public","tbl_mcr_summary_data","taxon_id","Specifies the taxonomic unit related to this record.","column"
"public","tbl_mcr_summary_data","tmax_hi",6,"smallint",16,0,NULL,"YES","NO","NO",NULL,NULL,"public","tbl_mcr_summary_data","tmax_hi","Highest observed maximum temperature tolerance for the species.","column"
"public","tbl_mcr_summary_data","tmax_lo",7,"smallint",16,0,NULL,"YES","NO","NO",NULL,NULL,"public","tbl_mcr_summary_data","tmax_lo","Lowest observed maximum temperature tolerance for the species.","column"
"public","tbl_mcr_summary_data","tmin_hi",8,"smallint",16,0,NULL,"YES","NO","NO",NULL,NULL,"public","tbl_mcr_summary_data","tmin_hi","Highest observed minimum temperature tolerance for the species.","column"
"public","tbl_mcr_summary_data","tmin_lo",9,"smallint",16,0,NULL,"YES","NO","NO",NULL,NULL,"public","tbl_mcr_summary_data","tmin_lo","Lowest observed minimum temperature tolerance for the species.","column"
"public","tbl_mcr_summary_data","trange_hi",10,"smallint",16,0,NULL,"YES","NO","NO",NULL,NULL,"public","tbl_mcr_summary_data","trange_hi","Upper bound of the temperature range the species can tolerate.","column"
"public","tbl_mcr_summary_data","trange_lo",11,"smallint",16,0,NULL,"YES","NO","NO",NULL,NULL,"public","tbl_mcr_summary_data","trange_lo","Lower bound of the temperature range the species can tolerate.","column"
"public","tbl_mcrdata_birmbeetledat","mcrdata_birmbeetledat_id",1,"integer",32,0,NULL,"NO","YES","NO",NULL,NULL,"public","tbl_mcrdata_birmbeetledat","mcrdata_birmbeetledat_id","Primary key (automatically incremented).","column"
"public","tbl_mcrdata_birmbeetledat","date_updated",2,"timestamp with time zone",NULL,NULL,NULL,"YES","NO","NO",NULL,NULL,NULL,NULL,NULL,NULL,NULL
"public","tbl_mcrdata_birmbeetledat","mcr_data",3,"text",NULL,NULL,NULL,"YES","NO","NO",NULL,NULL,"public","tbl_mcrdata_birmbeetledat","mcr_data","Data related to the MCR (Mean Climate Range) for each species.","column"
"public","tbl_mcrdata_birmbeetledat","mcr_row",4,"smallint",16,0,NULL,"NO","NO","NO",NULL,NULL,"public","tbl_mcrdata_birmbeetledat","mcr_row","Specifies the row position in the climate envelope matrix based on TMax.","column"
"public","tbl_mcrdata_birmbeetledat","taxon_id",5,"integer",32,0,NULL,"NO","NO","YES","tbl_taxa_tree_master","taxon_id","public","tbl_mcrdata_birmbeetledat","taxon_id","Specifies the taxonomic unit related to this record.","column"
"public","tbl_measured_value_dimensions","measured_value_dimension_id",1,"integer",32,0,NULL,"NO","YES","NO",NULL,NULL,"public","tbl_measured_value_dimensions","measured_value_dimension_id","Primary key (automatically incremented).","column"
"public","tbl_measured_value_dimensions","date_updated",2,"timestamp with time zone",NULL,NULL,NULL,"YES","NO","NO",NULL,NULL,NULL,NULL,NULL,NULL,NULL
"public","tbl_measured_value_dimensions","dimension_id",3,"integer",32,0,NULL,"NO","NO","YES","tbl_dimensions","dimension_id","public","tbl_measured_value_dimensions","dimension_id","Specifies the specific dimension being measured  (e.g., length, width, height)..","column"
"public","tbl_measured_value_dimensions","dimension_value",4,"numeric",18,10,NULL,"NO","NO","NO",NULL,NULL,"public","tbl_measured_value_dimensions","dimension_value","The quantified value of the measured dimension.","column"
"public","tbl_measured_value_dimensions","measured_value_id",5,"bigint",64,0,NULL,"NO","NO","YES","tbl_measured_values","measured_value_id","public","tbl_measured_value_dimensions","measured_value_id","Specifies the measured value to which this dimension belongs.","column"
"public","tbl_measured_values","measured_value_id",1,"bigint",64,0,NULL,"NO","YES","NO",NULL,NULL,"public","tbl_measured_values","measured_value_id","Primary key (automatically incremented).","column"
"public","tbl_measured_values","analysis_entity_id",2,"bigint",64,0,NULL,"NO","NO","YES","tbl_analysis_entities","analysis_entity_id","public","tbl_measured_values","analysis_entity_id","Identifies the specific analysis entity associated with this record.","column"
"public","tbl_measured_values","date_updated",3,"timestamp with time zone",NULL,NULL,NULL,"YES","NO","NO",NULL,NULL,NULL,NULL,NULL,NULL,NULL
"public","tbl_measured_values","measured_value",4,"numeric",20,10,NULL,"NO","NO","NO",NULL,NULL,"public","tbl_measured_values","measured_value","The continuous value obtained from the sample analysis.","column"
"public","tbl_method_groups","method_group_id",1,"integer",32,0,NULL,"NO","YES","NO",NULL,NULL,"public","tbl_method_groups","method_group_id","Primary key (automatically incremented).","column"
"public","tbl_method_groups","date_updated",2,"timestamp with time zone",NULL,NULL,NULL,"YES","NO","NO",NULL,NULL,NULL,NULL,NULL,NULL,NULL
"public","tbl_method_groups","description",3,"text",NULL,NULL,NULL,"NO","NO","NO",NULL,NULL,"public","tbl_method_groups","description","A detailed description of the method group, providing insight into the shared characteristics or purpose of the methods within the group.","column"
"public","tbl_method_groups","group_name",4,"character varying",NULL,NULL,100,"NO","NO","NO",NULL,NULL,"public","tbl_method_groups","group_name","The name or title of the method group, serving as a concise identifier for the category of methods.","column"
"public","tbl_methods","method_id",1,"integer",32,0,NULL,"NO","YES","NO",NULL,NULL,"public","tbl_methods","method_id","Primary key (automatically incremented).","column"
"public","tbl_methods","biblio_id",2,"integer",32,0,NULL,"YES","NO","YES","tbl_biblio","biblio_id","public","tbl_methods","biblio_id","Specifies the publication that describes or mentions the method.","column"
"public","tbl_methods","date_updated",3,"timestamp with time zone",NULL,NULL,NULL,"YES","NO","NO",NULL,NULL,NULL,NULL,NULL,NULL,NULL
"public","tbl_methods","description",4,"text",NULL,NULL,NULL,"NO","NO","NO",NULL,NULL,"public","tbl_methods","description","Detailed description of the analysis method.","column"
"public","tbl_methods","method_abbrev_or_alt_name",5,"character varying",NULL,NULL,50,"YES","NO","NO",NULL,NULL,"public","tbl_methods","method_abbrev_or_alt_name","Abbreviation or alternative name for the method.","column"
"public","tbl_methods","method_group_id",6,"integer",32,0,NULL,"NO","NO","YES","tbl_method_groups","method_group_id","public","tbl_methods","method_group_id","Specifies the group category of the method.","column"
"public","tbl_methods","method_name",7,"character varying",NULL,NULL,50,"NO","NO","NO",NULL,NULL,"public","tbl_methods","method_name","Full name of the analysis method.","column"
"public","tbl_methods","record_type_id",8,"integer",32,0,NULL,"YES","NO","YES","tbl_record_types","record_type_id","public","tbl_methods","record_type_id","Specifies the type of record related to the method.","column"
"public","tbl_methods","unit_id",9,"integer",32,0,NULL,"YES","NO","YES","tbl_units","unit_id","public","tbl_methods","unit_id","Specifies the unit of measurement used in the method.","column"
"public","tbl_methods","method_uuid",10,"uuid",NULL,NULL,NULL,"NO","NO","NO",NULL,NULL,NULL,NULL,NULL,NULL,NULL
"public","tbl_modification_types","modification_type_id",1,"integer",32,0,NULL,"NO","YES","NO",NULL,NULL,"public","tbl_modification_types","modification_type_id","Primary key (automatically incremented).","column"
"public","tbl_modification_types","modification_type_name",2,"character varying",NULL,NULL,128,"YES","NO","NO",NULL,NULL,"public","tbl_modification_types","modification_type_name","Concise identifier for the modification type, such as 'carbonized'.","column"
"public","tbl_modification_types","modification_type_description",3,"text",NULL,NULL,NULL,"YES","NO","NO",NULL,NULL,"public","tbl_modification_types","modification_type_description","Detailed description of the modification to ensure clarity and understanding, especially for those unfamiliar with domain-specific terminology.","column"
"public","tbl_modification_types","date_updated",4,"timestamp with time zone",NULL,NULL,NULL,"YES","NO","NO",NULL,NULL,NULL,NULL,NULL,NULL,NULL
"public","tbl_physical_sample_features","physical_sample_feature_id",1,"integer",32,0,NULL,"NO","YES","NO",NULL,NULL,"public","tbl_physical_sample_features","physical_sample_feature_id","Primary key (automatically incremented).","column"
"public","tbl_physical_sample_features","date_updated",2,"timestamp with time zone",NULL,NULL,NULL,"YES","NO","NO",NULL,NULL,NULL,NULL,NULL,NULL,NULL
"public","tbl_physical_sample_features","feature_id",3,"integer",32,0,NULL,"NO","NO","YES","tbl_features","feature_id","public","tbl_physical_sample_features","feature_id","Specifies the unique identifier of a feature.","column"
"public","tbl_physical_sample_features","physical_sample_id",4,"integer",32,0,NULL,"NO","NO","YES","tbl_physical_samples","physical_sample_id","public","tbl_physical_sample_features","physical_sample_id","Identifies the specific physical sample.","column"
"public","tbl_physical_samples","physical_sample_id",1,"integer",32,0,NULL,"NO","YES","NO",NULL,NULL,"public","tbl_physical_samples","physical_sample_id","Primary key (automatically incremented).","column"
"public","tbl_physical_samples","sample_group_id",2,"integer",32,0,NULL,"NO","NO","YES","tbl_sample_groups","sample_group_id","public","tbl_physical_samples","sample_group_id","Identifies the specific sample group this sample belongs to.","column"
"public","tbl_physical_samples","alt_ref_type_id",3,"integer",32,0,NULL,"YES","NO","YES","tbl_alt_ref_types","alt_ref_type_id","public","tbl_physical_samples","alt_ref_type_id","Specifies the type of the primary sample name, such as lab or museum number.","column"
"public","tbl_physical_samples","sample_type_id",4,"integer",32,0,NULL,"NO","NO","YES","tbl_sample_types","sample_type_id","public","tbl_physical_samples","sample_type_id","Specifies the physical form of the sample, such as bulk sample or core subsample.","column"
"public","tbl_physical_samples","sample_name",5,"character varying",NULL,NULL,50,"NO","NO","NO",NULL,NULL,"public","tbl_physical_samples","sample_name","Primary reference number or name of the sample. Additional references can be recorded as alternative names.","column"
"public","tbl_physical_samples","date_updated",6,"timestamp with time zone",NULL,NULL,NULL,"YES","NO","NO",NULL,NULL,NULL,NULL,NULL,NULL,NULL
"public","tbl_physical_samples","date_sampled",7,"character varying",NULL,NULL,NULL,"YES","NO","NO",NULL,NULL,"public","tbl_physical_samples","date_sampled","The date when the sample was collected.","column"
"public","tbl_project_stages","project_stage_id",1,"integer",32,0,NULL,"NO","YES","NO",NULL,NULL,"public","tbl_project_stages","project_stage_id","Primary key (automatically incremented).","column"
"public","tbl_project_stages","stage_name",2,"character varying",NULL,NULL,NULL,"YES","NO","NO",NULL,NULL,"public","tbl_project_stages","stage_name","The name of the project stage within the investigative cycle, such as desktop study, prospection, or final excavation.","column"
"public","tbl_project_stages","description",3,"text",NULL,NULL,NULL,"YES","NO","NO",NULL,NULL,"public","tbl_project_stages","description","A detailed explanation of the project stage, outlining its purpose and general activities involved.","column"
"public","tbl_project_stages","date_updated",4,"timestamp with time zone",NULL,NULL,NULL,"YES","NO","NO",NULL,NULL,NULL,NULL,NULL,NULL,NULL
"public","tbl_project_types","project_type_id",1,"integer",32,0,NULL,"NO","YES","NO",NULL,NULL,"public","tbl_project_types","project_type_id","Primary key (automatically incremented).","column"
"public","tbl_project_types","project_type_name",2,"character varying",NULL,NULL,NULL,"YES","NO","NO",NULL,NULL,"public","tbl_project_types","project_type_name","The name representing the project type, such as consultancy, research, teaching, or combinations like consultancy/teaching.","column"
"public","tbl_project_types","description",3,"text",NULL,NULL,NULL,"YES","NO","NO",NULL,NULL,"public","tbl_project_types","description","Details the combination of project types, if applicable, such as teaching/research.","column"
"public","tbl_project_types","date_updated",4,"timestamp with time zone",NULL,NULL,NULL,"YES","NO","NO",NULL,NULL,NULL,NULL,NULL,NULL,NULL
"public","tbl_projects","project_id",1,"integer",32,0,NULL,"NO","YES","NO",NULL,NULL,"public","tbl_projects","project_id","Primary key (automatically incremented).","column"
"public","tbl_projects","project_type_id",2,"integer",32,0,NULL,"YES","NO","YES","tbl_project_types","project_type_id","public","tbl_projects","project_type_id","Specifies the type of the project, linking to the corresponding type details.","column"
"public","tbl_projects","project_stage_id",3,"integer",32,0,NULL,"YES","NO","YES","tbl_project_stages","project_stage_id","public","tbl_projects","project_stage_id","Specifies the project's stage, linking to the corresponding stage details.","column"
"public","tbl_projects","project_name",4,"character varying",NULL,NULL,150,"YES","NO","NO",NULL,NULL,"public","tbl_projects","project_name","The full name of the project (e.g., Phil's PhD Thesis, Malm� Ring Road V�gverket).","column"
"public","tbl_projects","project_abbrev_name",5,"character varying",NULL,NULL,25,"YES","NO","NO",NULL,NULL,"public","tbl_projects","project_abbrev_name","An optional field for the abbreviation or acronym of the project name (e.g., VGV, SWEDAB).","column"
"public","tbl_projects","description",6,"text",NULL,NULL,NULL,"YES","NO","NO",NULL,NULL,"public","tbl_projects","description","A brief overview of the project, including relevant details that facilitate further exploration.","column"
"public","tbl_projects","date_updated",7,"timestamp with time zone",NULL,NULL,NULL,"YES","NO","NO",NULL,NULL,NULL,NULL,NULL,NULL,NULL
"public","tbl_rdb","rdb_id",1,"integer",32,0,NULL,"NO","YES","NO",NULL,NULL,"public","tbl_rdb","rdb_id","Primary key (automatically incremented).","column"
"public","tbl_rdb","location_id",2,"integer",32,0,NULL,"NO","NO","YES","tbl_locations","location_id","public","tbl_rdb","location_id","Specifies the geographical area relevant to the rarity data, such as international IUCN classifications specific to the UK.","column"
"public","tbl_rdb","rdb_code_id",3,"integer",32,0,NULL,"YES","NO","YES","tbl_rdb_codes","rdb_code_id","public","tbl_rdb","rdb_code_id","Specifies the the specific rarity designation or classification code.","column"
"public","tbl_rdb","taxon_id",4,"integer",32,0,NULL,"NO","NO","YES","tbl_taxa_tree_master","taxon_id","public","tbl_rdb","taxon_id","Specifies the taxonomic unit related to this record.","column"
"public","tbl_rdb","date_updated",5,"timestamp with time zone",NULL,NULL,NULL,"YES","NO","NO",NULL,NULL,NULL,NULL,NULL,NULL,NULL
"public","tbl_rdb_codes","rdb_code_id",1,"integer",32,0,NULL,"NO","YES","NO",NULL,NULL,"public","tbl_rdb_codes","rdb_code_id","Primary key (automatically incremented).","column"
"public","tbl_rdb_codes","date_updated",2,"timestamp with time zone",NULL,NULL,NULL,"YES","NO","NO",NULL,NULL,NULL,NULL,NULL,NULL,NULL
"public","tbl_rdb_codes","rdb_category",3,"character varying",NULL,NULL,4,"YES","NO","NO",NULL,NULL,"public","tbl_rdb_codes","rdb_category","The name of the rarity category.","column"
"public","tbl_rdb_codes","rdb_definition",4,"character varying",NULL,NULL,200,"YES","NO","NO",NULL,NULL,"public","tbl_rdb_codes","rdb_definition","Detailed description of the rarity category.","column"
"public","tbl_rdb_codes","rdb_system_id",5,"integer",32,0,NULL,"YES","NO","YES","tbl_rdb_systems","rdb_system_id","public","tbl_rdb_codes","rdb_system_id","Specifies the identifier of the system in tbl_rdb_systems.","column"
"public","tbl_rdb_systems","rdb_system_id",1,"integer",32,0,NULL,"NO","YES","NO",NULL,NULL,"public","tbl_rdb_systems","rdb_system_id","Primary key (automatically incremented).","column"
"public","tbl_rdb_systems","biblio_id",2,"integer",32,0,NULL,"NO","NO","YES","tbl_biblio","biblio_id","public","tbl_rdb_systems","biblio_id","Specifies the publication that describes or mentions  the RDB system.","column"
"public","tbl_rdb_systems","location_id",3,"integer",32,0,NULL,"NO","NO","YES","tbl_locations","location_id","public","tbl_rdb_systems","location_id","Specifies the geographical applicability of the RDB system, e.g., UK, international, New Forest.","column"
"public","tbl_rdb_systems","rdb_first_published",4,"smallint",16,0,NULL,"YES","NO","NO",NULL,NULL,"public","tbl_rdb_systems","rdb_first_published","The year the RDB system was first published.","column"
"public","tbl_rdb_systems","rdb_system",5,"character varying",NULL,NULL,10,"YES","NO","NO",NULL,NULL,"public","tbl_rdb_systems","rdb_system","The name or title of the RDB system.","column"
"public","tbl_rdb_systems","rdb_system_date",6,"integer",32,0,NULL,"YES","NO","NO",NULL,NULL,"public","tbl_rdb_systems","rdb_system_date","The date related to the RDB system, possibly indicating the version or update year.","column"
"public","tbl_rdb_systems","rdb_version",7,"character varying",NULL,NULL,10,"YES","NO","NO",NULL,NULL,"public","tbl_rdb_systems","rdb_version","The version or edition number of the RDB system.","column"
"public","tbl_rdb_systems","date_updated",8,"timestamp with time zone",NULL,NULL,NULL,"YES","NO","NO",NULL,NULL,NULL,NULL,NULL,NULL,NULL
"public","tbl_rdb_systems","rdb_system_uuid",9,"uuid",NULL,NULL,NULL,"NO","NO","NO",NULL,NULL,NULL,NULL,NULL,NULL,NULL
"public","tbl_record_types","record_type_id",1,"integer",32,0,NULL,"NO","YES","NO",NULL,NULL,"public","tbl_record_types","record_type_id","Primary key (automatically incremented).","column"
"public","tbl_record_types","record_type_name",2,"character varying",NULL,NULL,50,"YES","NO","NO",NULL,NULL,"public","tbl_record_types","record_type_name","Concise name representing the proxy or proxies within the group.","column"
"public","tbl_record_types","record_type_description",3,"text",NULL,NULL,NULL,"YES","NO","NO",NULL,NULL,"public","tbl_record_types","record_type_description","Provides a detailed explanation of the group's composition and the rationale for its categorization.","column"
"public","tbl_record_types","date_updated",4,"timestamp with time zone",NULL,NULL,NULL,"YES","NO","NO",NULL,NULL,NULL,NULL,NULL,NULL,NULL
"public","tbl_relative_age_refs","relative_age_ref_id",1,"integer",32,0,NULL,"NO","YES","NO",NULL,NULL,"public","tbl_relative_age_refs","relative_age_ref_id","Primary key (automatically incremented).","column"
"public","tbl_relative_age_refs","biblio_id",2,"integer",32,0,NULL,"NO","NO","YES","tbl_biblio","biblio_id","public","tbl_relative_age_refs","biblio_id","Specifies the publication that describes or mentions the relative age definition.","column"
"public","tbl_relative_age_refs","date_updated",3,"timestamp with time zone",NULL,NULL,NULL,"YES","NO","NO",NULL,NULL,NULL,NULL,NULL,NULL,NULL
"public","tbl_relative_age_refs","relative_age_id",4,"integer",32,0,NULL,"NO","NO","YES","tbl_relative_ages","relative_age_id","public","tbl_relative_age_refs","relative_age_id","Specifies the the relative age defined by this reference.","column"
"public","tbl_relative_age_types","relative_age_type_id",1,"integer",32,0,NULL,"NO","YES","NO",NULL,NULL,"public","tbl_relative_age_types","relative_age_type_id","Primary key (automatically incremented).","column"
"public","tbl_relative_age_types","age_type",2,"character varying",NULL,NULL,NULL,"YES","NO","NO",NULL,NULL,"public","tbl_relative_age_types","age_type","The name of the chronological age type, which can include archaeological periods, specific calendar dates, calendar age ranges, or periods defined by the Blytt-Sernander classification.","column"
"public","tbl_relative_age_types","description",3,"text",NULL,NULL,NULL,"YES","NO","NO",NULL,NULL,"public","tbl_relative_age_types","description","A detailed explanation of the chronological age type, such as a period marked by archaeological or geological evidence indicating cultural activities or climate changes as inferred from paleo-vegetation records.","column"
"public","tbl_relative_age_types","date_updated",4,"timestamp with time zone",NULL,NULL,NULL,"YES","NO","NO",NULL,NULL,NULL,NULL,NULL,NULL,NULL
"public","tbl_relative_ages","relative_age_id",1,"integer",32,0,NULL,"NO","YES","NO",NULL,NULL,"public","tbl_relative_ages","relative_age_id","Primary key (automatically incremented).","column"
"public","tbl_relative_ages","relative_age_type_id",2,"integer",32,0,NULL,"YES","NO","YES","tbl_relative_age_types","relative_age_type_id","public","tbl_relative_ages","relative_age_type_id","Specifies the type of relative age.","column"
"public","tbl_relative_ages","relative_age_name",3,"character varying",NULL,NULL,50,"YES","NO","NO",NULL,NULL,"public","tbl_relative_ages","relative_age_name","Name of the dating period, e.g., 'Bronze Age'. Calendar ages should be named appropriately, such as 'AD 1492' or '74 BC'.","column"
"public","tbl_relative_ages","description",4,"text",NULL,NULL,NULL,"YES","NO","NO",NULL,NULL,"public","tbl_relative_ages","description","A detailed description of the period, typically outlining its characteristics.","column"
"public","tbl_relative_ages","c14_age_older",5,"numeric",20,5,NULL,"YES","NO","NO",NULL,NULL,"public","tbl_relative_ages","c14_age_older","C14 age of the older boundary of the period, if applicable.","column"
"public","tbl_relative_ages","c14_age_younger",6,"numeric",20,5,NULL,"YES","NO","NO",NULL,NULL,"public","tbl_relative_ages","c14_age_younger","C14 age of the younger boundary of the period, if applicable. Leave blank for calendar ages.","column"
"public","tbl_relative_ages","cal_age_older",7,"numeric",20,5,NULL,"YES","NO","NO",NULL,NULL,"public","tbl_relative_ages","cal_age_older","Approximate age before present (1950) of the earliest boundary of the period, or the calendar age converted to BP if applicable.","column"
"public","tbl_relative_ages","cal_age_younger",8,"numeric",20,5,NULL,"YES","NO","NO",NULL,NULL,"public","tbl_relative_ages","cal_age_younger","Approximate age before present (1950) of the latest boundary of the period, or the calendar age converted to BP if applicable.","column"
"public","tbl_relative_ages","notes",9,"text",NULL,NULL,NULL,"YES","NO","NO",NULL,NULL,"public","tbl_relative_ages","notes","Additional notes on the period, such as definitions' reliability or boundary uncertainties.","column"
"public","tbl_relative_ages","date_updated",10,"timestamp with time zone",NULL,NULL,NULL,"YES","NO","NO",NULL,NULL,NULL,NULL,NULL,NULL,NULL
"public","tbl_relative_ages","location_id",11,"integer",32,0,NULL,"YES","NO","YES","tbl_locations","location_id","public","tbl_relative_ages","location_id","Specifies the location related to the period.","column"
"public","tbl_relative_ages","abbreviation",12,"character varying",NULL,NULL,NULL,"YES","NO","NO",NULL,NULL,"public","tbl_relative_ages","abbreviation","Standard abbreviated form of the period name, if available.","column"
"public","tbl_relative_ages","relative_age_uuid",13,"uuid",NULL,NULL,NULL,"NO","NO","NO",NULL,NULL,NULL,NULL,NULL,NULL,NULL
"public","tbl_relative_dates","relative_date_id",1,"integer",32,0,NULL,"NO","YES","NO",NULL,NULL,"public","tbl_relative_dates","relative_date_id","Primary key (automatically incremented).","column"
"public","tbl_relative_dates","relative_age_id",2,"integer",32,0,NULL,"YES","NO","YES","tbl_relative_ages","relative_age_id","public","tbl_relative_dates","relative_age_id","Specifies the relative age definition.","column"
"public","tbl_relative_dates","method_id",4,"integer",32,0,NULL,"YES","NO","YES","tbl_methods","method_id","public","tbl_relative_dates","method_id","Specifies the method used for dating the sample to a period or calendar date.","column"
"public","tbl_relative_dates","notes",5,"text",NULL,NULL,NULL,"YES","NO","NO",NULL,NULL,"public","tbl_relative_dates","notes","Additional notes regarding the sample's dating, including any specific details or observations.","column"
"public","tbl_relative_dates","date_updated",6,"timestamp with time zone",NULL,NULL,NULL,"YES","NO","NO",NULL,NULL,NULL,NULL,NULL,NULL,NULL
"public","tbl_relative_dates","dating_uncertainty_id",7,"integer",32,0,NULL,"YES","NO","YES","tbl_dating_uncertainty","dating_uncertainty_id","public","tbl_relative_dates","dating_uncertainty_id","Specifies the uncertainty category related to the dating method used.","column"
"public","tbl_relative_dates","analysis_entity_id",8,"integer",32,0,NULL,"NO","NO","YES","tbl_analysis_entities","analysis_entity_id","public","tbl_relative_dates","analysis_entity_id","Identifies the specific analysis entity associated with this record.","column"
"public","tbl_sample_alt_refs","sample_alt_ref_id",1,"integer",32,0,NULL,"NO","YES","NO",NULL,NULL,"public","tbl_sample_alt_refs","sample_alt_ref_id","Primary key (automatically incremented).","column"
"public","tbl_sample_alt_refs","alt_ref",2,"character varying",NULL,NULL,80,"NO","NO","NO",NULL,NULL,"public","tbl_sample_alt_refs","alt_ref","Alternative reference name for the physical sample.","column"
"public","tbl_sample_alt_refs","alt_ref_type_id",3,"integer",32,0,NULL,"NO","NO","YES","tbl_alt_ref_types","alt_ref_type_id","public","tbl_sample_alt_refs","alt_ref_type_id","Specifies the type of alternative identification.","column"
"public","tbl_sample_alt_refs","date_updated",4,"timestamp with time zone",NULL,NULL,NULL,"YES","NO","NO",NULL,NULL,NULL,NULL,NULL,NULL,NULL
"public","tbl_sample_alt_refs","physical_sample_id",5,"integer",32,0,NULL,"NO","NO","YES","tbl_physical_samples","physical_sample_id","public","tbl_sample_alt_refs","physical_sample_id","Identifies the specific physical sample.","column"
"public","tbl_sample_colours","sample_colour_id",1,"integer",32,0,NULL,"NO","YES","NO",NULL,NULL,"public","tbl_sample_colours","sample_colour_id","Primary key (automatically incremented).","column"
"public","tbl_sample_colours","colour_id",2,"integer",32,0,NULL,"NO","NO","YES","tbl_colours","colour_id","public","tbl_sample_colours","colour_id","Specifies the unique identifier for a color.","column"
"public","tbl_sample_colours","date_updated",3,"timestamp with time zone",NULL,NULL,NULL,"YES","NO","NO",NULL,NULL,NULL,NULL,NULL,NULL,NULL
"public","tbl_sample_colours","physical_sample_id",4,"integer",32,0,NULL,"NO","NO","YES","tbl_physical_samples","physical_sample_id","public","tbl_sample_colours","physical_sample_id","Identifies the specific physical sample.","column"
"public","tbl_sample_coordinates","sample_coordinate_id",1,"integer",32,0,NULL,"NO","YES","NO",NULL,NULL,"public","tbl_sample_coordinates","sample_coordinate_id","Primary key (automatically incremented).","column"
"public","tbl_sample_coordinates","physical_sample_id",2,"integer",32,0,NULL,"NO","NO","YES","tbl_physical_samples","physical_sample_id","public","tbl_sample_coordinates","physical_sample_id","Identifies the specific physical sample.","column"
"public","tbl_sample_coordinates","coordinate_method_dimension_id",3,"integer",32,0,NULL,"NO","NO","YES","tbl_coordinate_method_dimensions","coordinate_method_dimension_id","public","tbl_sample_coordinates","coordinate_method_dimension_id","Specifies referencing the method used to determine the grid type.","column"
"public","tbl_sample_coordinates","measurement",4,"numeric",20,10,NULL,"NO","NO","NO",NULL,NULL,"public","tbl_sample_coordinates","measurement","The specific coordinate measurement value.","column"
"public","tbl_sample_coordinates","accuracy",5,"numeric",20,10,NULL,"YES","NO","NO",NULL,NULL,"public","tbl_sample_coordinates","accuracy","Describes the precision of the GPS data, e.g., 5m, 10m, 0.01m.","column"
"public","tbl_sample_coordinates","date_updated",6,"timestamp with time zone",NULL,NULL,NULL,"YES","NO","NO",NULL,NULL,NULL,NULL,NULL,NULL,NULL
"public","tbl_sample_description_sample_group_contexts","sample_description_sample_group_context_id",1,"integer",32,0,NULL,"NO","YES","NO",NULL,NULL,"public","tbl_sample_description_sample_group_contexts","sample_description_sample_group_context_id","Primary key (automatically incremented).","column"
"public","tbl_sample_description_sample_group_contexts","sampling_context_id",2,"integer",32,0,NULL,"YES","NO","YES","tbl_sample_group_sampling_contexts","sampling_context_id","public","tbl_sample_description_sample_group_contexts","sampling_context_id","Specifies the sampling context, providing contextual details about the sampling environment.","column"
"public","tbl_sample_description_sample_group_contexts","sample_description_type_id",3,"integer",32,0,NULL,"YES","NO","YES","tbl_sample_description_types","sample_description_type_id","public","tbl_sample_description_sample_group_contexts","sample_description_type_id","Specifies the sample description type, indicating the type of sample described.","column"
"public","tbl_sample_description_sample_group_contexts","date_updated",4,"timestamp with time zone",NULL,NULL,NULL,"YES","NO","NO",NULL,NULL,NULL,NULL,NULL,NULL,NULL
"public","tbl_sample_description_types","sample_description_type_id",1,"integer",32,0,NULL,"NO","YES","NO",NULL,NULL,"public","tbl_sample_description_types","sample_description_type_id","Primary key (automatically incremented).","column"
"public","tbl_sample_description_types","type_name",2,"character varying",NULL,NULL,255,"YES","NO","NO",NULL,NULL,"public","tbl_sample_description_types","type_name","Name assigned to the sample type.","column"
"public","tbl_sample_description_types","type_description",3,"text",NULL,NULL,NULL,"YES","NO","NO",NULL,NULL,"public","tbl_sample_description_types","type_description","Detailed description of the sample type.","column"
"public","tbl_sample_description_types","date_updated",4,"timestamp with time zone",NULL,NULL,NULL,"YES","NO","NO",NULL,NULL,NULL,NULL,NULL,NULL,NULL
"public","tbl_sample_descriptions","sample_description_id",1,"integer",32,0,NULL,"NO","YES","NO",NULL,NULL,"public","tbl_sample_descriptions","sample_description_id","Primary key (automatically incremented).","column"
"public","tbl_sample_descriptions","sample_description_type_id",2,"integer",32,0,NULL,"NO","NO","YES","tbl_sample_description_types","sample_description_type_id","public","tbl_sample_descriptions","sample_description_type_id","Specifies the type identifier for the sample description.","column"
"public","tbl_sample_descriptions","physical_sample_id",3,"integer",32,0,NULL,"NO","NO","YES","tbl_physical_samples","physical_sample_id","public","tbl_sample_descriptions","physical_sample_id","Identifies the specific physical sample.","column"
"public","tbl_sample_descriptions","description",4,"character varying",NULL,NULL,NULL,"YES","NO","NO",NULL,NULL,"public","tbl_sample_descriptions","description","Textual description of the sample.","column"
"public","tbl_sample_descriptions","date_updated",5,"timestamp with time zone",NULL,NULL,NULL,"YES","NO","NO",NULL,NULL,NULL,NULL,NULL,NULL,NULL
"public","tbl_sample_dimensions","sample_dimension_id",1,"integer",32,0,NULL,"NO","YES","NO",NULL,NULL,"public","tbl_sample_dimensions","sample_dimension_id","Primary key (automatically incremented).","column"
"public","tbl_sample_dimensions","physical_sample_id",2,"integer",32,0,NULL,"NO","NO","YES","tbl_physical_samples","physical_sample_id","public","tbl_sample_dimensions","physical_sample_id","Identifies the specific physical sample.","column"
"public","tbl_sample_dimensions","dimension_id",3,"integer",32,0,NULL,"NO","NO","YES","tbl_dimensions","dimension_id","public","tbl_sample_dimensions","dimension_id","Specifies the specific dimension being measured  (e.g., length, width, height)..","column"
"public","tbl_sample_dimensions","method_id",4,"integer",32,0,NULL,"NO","NO","YES","tbl_methods","method_id","public","tbl_sample_dimensions","method_id","Specifies the measurement method used, including associated units.","column"
"public","tbl_sample_dimensions","dimension_value",5,"numeric",20,10,NULL,"NO","NO","NO",NULL,NULL,"public","tbl_sample_dimensions","dimension_value","The quantified value of the measured dimension.","column"
"public","tbl_sample_dimensions","date_updated",6,"timestamp with time zone",NULL,NULL,NULL,"YES","NO","NO",NULL,NULL,NULL,NULL,NULL,NULL,NULL
"public","tbl_sample_dimensions","qualifier_id",7,"integer",32,0,NULL,"YES","NO","YES","tbl_value_qualifiers","qualifier_id",NULL,NULL,NULL,NULL,NULL
"public","tbl_sample_group_coordinates","sample_group_position_id",1,"integer",32,0,NULL,"NO","YES","NO",NULL,NULL,"public","tbl_sample_group_coordinates","sample_group_position_id","Primary key (automatically incremented).","column"
"public","tbl_sample_group_coordinates","coordinate_method_dimension_id",2,"integer",32,0,NULL,"NO","NO","YES","tbl_coordinate_method_dimensions","coordinate_method_dimension_id","public","tbl_sample_group_coordinates","coordinate_method_dimension_id","Specifies the method and dimension used for determining coordinates.","column"
"public","tbl_sample_group_coordinates","sample_group_position",3,"numeric",20,10,NULL,"YES","NO","NO",NULL,NULL,"public","tbl_sample_group_coordinates","sample_group_position","Describes the specific position within the sample group.","column"
"public","tbl_sample_group_coordinates","position_accuracy",4,"character varying",NULL,NULL,128,"YES","NO","NO",NULL,NULL,"public","tbl_sample_group_coordinates","position_accuracy","Specifies the accuracy level of the recorded position.","column"
"public","tbl_sample_group_coordinates","sample_group_id",5,"integer",32,0,NULL,"NO","NO","YES","tbl_sample_groups","sample_group_id","public","tbl_sample_group_coordinates","sample_group_id","Identifies the specific sample group.","column"
"public","tbl_sample_group_coordinates","date_updated",6,"timestamp with time zone",NULL,NULL,NULL,"YES","NO","NO",NULL,NULL,NULL,NULL,NULL,NULL,NULL
"public","tbl_sample_group_description_type_sampling_contexts","sample_group_description_type_sampling_context_id",1,"integer",32,0,NULL,"NO","YES","NO",NULL,NULL,"public","tbl_sample_group_description_type_sampling_contexts","sample_group_description_type_sampling_context_id","Primary key (automatically incremented).","column"
"public","tbl_sample_group_description_type_sampling_contexts","sampling_context_id",2,"integer",32,0,NULL,"NO","NO","YES","tbl_sample_group_sampling_contexts","sampling_context_id","public","tbl_sample_group_description_type_sampling_contexts","sampling_context_id","Specifies the sampling context, providing contextual details about the sampling environment.","column"
"public","tbl_sample_group_description_type_sampling_contexts","sample_group_description_type_id",3,"integer",32,0,NULL,"NO","NO","YES","tbl_sample_group_description_types","sample_group_description_type_id","public","tbl_sample_group_description_type_sampling_contexts","sample_group_description_type_id","Specifies the description type.","column"
"public","tbl_sample_group_description_type_sampling_contexts","date_updated",4,"timestamp with time zone",NULL,NULL,NULL,"YES","NO","NO",NULL,NULL,NULL,NULL,NULL,NULL,NULL
"public","tbl_sample_group_description_types","sample_group_description_type_id",1,"integer",32,0,NULL,"NO","YES","NO",NULL,NULL,"public","tbl_sample_group_description_types","sample_group_description_type_id","Primary key (automatically incremented).","column"
"public","tbl_sample_group_description_types","type_name",2,"character varying",NULL,NULL,255,"YES","NO","NO",NULL,NULL,"public","tbl_sample_group_description_types","type_name","The name or label of the sample group description type.","column"
"public","tbl_sample_group_description_types","type_description",3,"character varying",NULL,NULL,NULL,"YES","NO","NO",NULL,NULL,"public","tbl_sample_group_description_types","type_description","A detailed description of the sample group description type.","column"
"public","tbl_sample_group_description_types","date_updated",4,"timestamp with time zone",NULL,NULL,NULL,"YES","NO","NO",NULL,NULL,NULL,NULL,NULL,NULL,NULL
"public","tbl_sample_group_descriptions","sample_group_description_id",1,"integer",32,0,NULL,"NO","YES","NO",NULL,NULL,"public","tbl_sample_group_descriptions","sample_group_description_id","Primary key (automatically incremented).","column"
"public","tbl_sample_group_descriptions","group_description",2,"character varying",NULL,NULL,NULL,"YES","NO","NO",NULL,NULL,"public","tbl_sample_group_descriptions","group_description","Textual description of the sample group.","column"
"public","tbl_sample_group_descriptions","sample_group_description_type_id",3,"integer",32,0,NULL,"NO","NO","YES","tbl_sample_group_description_types","sample_group_description_type_id","public","tbl_sample_group_descriptions","sample_group_description_type_id","Specifies the type of description for the sample group.","column"
"public","tbl_sample_group_descriptions","date_updated",4,"timestamp with time zone",NULL,NULL,NULL,"YES","NO","NO",NULL,NULL,NULL,NULL,NULL,NULL,NULL
"public","tbl_sample_group_descriptions","sample_group_id",5,"integer",32,0,NULL,"YES","NO","YES","tbl_sample_groups","sample_group_id","public","tbl_sample_group_descriptions","sample_group_id","Specifies the specific sample group.","column"
"public","tbl_sample_group_dimensions","sample_group_dimension_id",1,"integer",32,0,NULL,"NO","YES","NO",NULL,NULL,"public","tbl_sample_group_dimensions","sample_group_dimension_id","Primary key (automatically incremented).","column"
"public","tbl_sample_group_dimensions","date_updated",2,"timestamp with time zone",NULL,NULL,NULL,"YES","NO","NO",NULL,NULL,NULL,NULL,NULL,NULL,NULL
"public","tbl_sample_group_dimensions","dimension_id",3,"integer",32,0,NULL,"NO","NO","YES","tbl_dimensions","dimension_id","public","tbl_sample_group_dimensions","dimension_id","Specifies the specific dimension being measured  (e.g., length, width, height)..","column"
"public","tbl_sample_group_dimensions","dimension_value",4,"numeric",20,5,NULL,"NO","NO","NO",NULL,NULL,"public","tbl_sample_group_dimensions","dimension_value","The quantified value of the measured dimension.","column"
"public","tbl_sample_group_dimensions","sample_group_id",5,"integer",32,0,NULL,"NO","NO","YES","tbl_sample_groups","sample_group_id","public","tbl_sample_group_dimensions","sample_group_id","Identifies the specific sample group.","column"
"public","tbl_sample_group_dimensions","qualifier_id",6,"integer",32,0,NULL,"YES","NO","YES","tbl_value_qualifiers","qualifier_id",NULL,NULL,NULL,NULL,NULL
"public","tbl_sample_group_images","sample_group_image_id",1,"integer",32,0,NULL,"NO","YES","NO",NULL,NULL,"public","tbl_sample_group_images","sample_group_image_id","Primary key (automatically incremented).","column"
"public","tbl_sample_group_images","date_updated",2,"timestamp with time zone",NULL,NULL,NULL,"YES","NO","NO",NULL,NULL,NULL,NULL,NULL,NULL,NULL
"public","tbl_sample_group_images","description",3,"text",NULL,NULL,NULL,"YES","NO","NO",NULL,NULL,"public","tbl_sample_group_images","description","A brief description of the image content.","column"
"public","tbl_sample_group_images","image_location",4,"text",NULL,NULL,NULL,"NO","NO","NO",NULL,NULL,"public","tbl_sample_group_images","image_location","The storage path or URL where the image is located.","column"
"public","tbl_sample_group_images","image_name",5,"character varying",NULL,NULL,80,"YES","NO","NO",NULL,NULL,"public","tbl_sample_group_images","image_name","The file name or title of the image.","column"
"public","tbl_sample_group_images","image_type_id",6,"integer",32,0,NULL,"NO","NO","YES","tbl_image_types","image_type_id","public","tbl_sample_group_images","image_type_id","Specifies the image type, indicating the category or format of the image.","column"
"public","tbl_sample_group_images","sample_group_id",7,"integer",32,0,NULL,"NO","NO","YES","tbl_sample_groups","sample_group_id","public","tbl_sample_group_images","sample_group_id","Identifies the specific sample group.","column"
"public","tbl_sample_group_notes","sample_group_note_id",1,"integer",32,0,NULL,"NO","YES","NO",NULL,NULL,"public","tbl_sample_group_notes","sample_group_note_id","Primary key (automatically incremented).","column"
"public","tbl_sample_group_notes","sample_group_id",2,"integer",32,0,NULL,"NO","NO","YES","tbl_sample_groups","sample_group_id","public","tbl_sample_group_notes","sample_group_id","Identifies the specific sample group.","column"
"public","tbl_sample_group_notes","note",3,"character varying",NULL,NULL,NULL,"YES","NO","NO",NULL,NULL,"public","tbl_sample_group_notes","note","Textual note providing additional information about the sample group.","column"
"public","tbl_sample_group_notes","date_updated",4,"timestamp with time zone",NULL,NULL,NULL,"YES","NO","NO",NULL,NULL,NULL,NULL,NULL,NULL,NULL
"public","tbl_sample_group_references","sample_group_reference_id",1,"integer",32,0,NULL,"NO","YES","NO",NULL,NULL,"public","tbl_sample_group_references","sample_group_reference_id","Primary key (automatically incremented).","column"
"public","tbl_sample_group_references","biblio_id",2,"integer",32,0,NULL,"NO","NO","YES","tbl_biblio","biblio_id","public","tbl_sample_group_references","biblio_id","Specifies the publication that describes or mentions the sample group.","column"
"public","tbl_sample_group_references","date_updated",3,"timestamp with time zone",NULL,NULL,NULL,"YES","NO","NO",NULL,NULL,NULL,NULL,NULL,NULL,NULL
"public","tbl_sample_group_references","sample_group_id",4,"integer",32,0,NULL,"YES","NO","YES","tbl_sample_groups","sample_group_id","public","tbl_sample_group_references","sample_group_id","Identifies the specific sample group.","column"
"public","tbl_sample_group_sampling_contexts","sampling_context_id",1,"integer",32,0,NULL,"NO","YES","NO",NULL,NULL,"public","tbl_sample_group_sampling_contexts","sampling_context_id","Primary key (automatically incremented).","column"
"public","tbl_sample_group_sampling_contexts","sampling_context",2,"character varying",NULL,NULL,80,"NO","NO","NO",NULL,NULL,"public","tbl_sample_group_sampling_contexts","sampling_context","Concise and descriptive name for the sampling context, e.g., stratigraphic sequence or archaeological excavation.","column"
"public","tbl_sample_group_sampling_contexts","description",3,"text",NULL,NULL,NULL,"YES","NO","NO",NULL,NULL,"public","tbl_sample_group_sampling_contexts","description","Detailed explanation of the sampling context term.","column"
"public","tbl_sample_group_sampling_contexts","sort_order",4,"smallint",16,0,NULL,"NO","NO","NO",NULL,NULL,"public","tbl_sample_group_sampling_contexts","sort_order","Defines the order for grouping similar or related contexts, facilitating the organization of modern and paleo investigations.","column"
"public","tbl_sample_group_sampling_contexts","date_updated",5,"timestamp with time zone",NULL,NULL,NULL,"YES","NO","NO",NULL,NULL,NULL,NULL,NULL,NULL,NULL
"public","tbl_sample_groups","sample_group_id",1,"integer",32,0,NULL,"NO","YES","NO",NULL,NULL,"public","tbl_sample_groups","sample_group_id","Primary key (automatically incremented).","column"
"public","tbl_sample_groups","site_id",2,"integer",32,0,NULL,"YES","NO","YES","tbl_sites","site_id","public","tbl_sample_groups","site_id","Specifies the site where the samples were collected, linking to additional site-specific information.","column"
"public","tbl_sample_groups","sampling_context_id",3,"integer",32,0,NULL,"YES","NO","YES","tbl_sample_group_sampling_contexts","sampling_context_id","public","tbl_sample_groups","sampling_context_id","Specifies the sampling context, providing contextual details about the sampling environment.","column"
"public","tbl_sample_groups","method_id",4,"integer",32,0,NULL,"NO","NO","YES","tbl_methods","method_id","public","tbl_sample_groups","method_id","Specifies the method of sample retrieval, such as 'Russian auger core' or 'pitfall traps'. Distinct from sampling context, this specifies the method used rather than the investigation type.","column"
"public","tbl_sample_groups","sample_group_name",5,"character varying",NULL,NULL,100,"YES","NO","NO",NULL,NULL,"public","tbl_sample_groups","sample_group_name","A unique identifier name for the sample group. For ceramics, this should be the vessel number.","column"
"public","tbl_sample_groups","sample_group_description",6,"text",NULL,NULL,NULL,"YES","NO","NO",NULL,NULL,"public","tbl_sample_groups","sample_group_description","Detailed description of the sample group, providing context and additional information.","column"
"public","tbl_sample_groups","date_updated",7,"timestamp with time zone",NULL,NULL,NULL,"YES","NO","NO",NULL,NULL,NULL,NULL,NULL,NULL,NULL
"public","tbl_sample_groups","sample_group_uuid",8,"uuid",NULL,NULL,NULL,"NO","NO","NO",NULL,NULL,NULL,NULL,NULL,NULL,NULL
"public","tbl_sample_horizons","sample_horizon_id",1,"integer",32,0,NULL,"NO","YES","NO",NULL,NULL,"public","tbl_sample_horizons","sample_horizon_id","Primary key (automatically incremented).","column"
"public","tbl_sample_horizons","date_updated",2,"timestamp with time zone",NULL,NULL,NULL,"YES","NO","NO",NULL,NULL,NULL,NULL,NULL,NULL,NULL
"public","tbl_sample_horizons","horizon_id",3,"integer",32,0,NULL,"NO","NO","YES","tbl_horizons","horizon_id","public","tbl_sample_horizons","horizon_id","Specifies the horizon details.","column"
"public","tbl_sample_horizons","physical_sample_id",4,"integer",32,0,NULL,"NO","NO","YES","tbl_physical_samples","physical_sample_id","public","tbl_sample_horizons","physical_sample_id","Identifies the specific physical sample.","column"
"public","tbl_sample_images","sample_image_id",1,"integer",32,0,NULL,"NO","YES","NO",NULL,NULL,"public","tbl_sample_images","sample_image_id","Primary key (automatically incremented).","column"
"public","tbl_sample_images","date_updated",2,"timestamp with time zone",NULL,NULL,NULL,"YES","NO","NO",NULL,NULL,NULL,NULL,NULL,NULL,NULL
"public","tbl_sample_images","description",3,"text",NULL,NULL,NULL,"YES","NO","NO",NULL,NULL,"public","tbl_sample_images","description","A brief description of the image content.","column"
"public","tbl_sample_images","image_location",4,"text",NULL,NULL,NULL,"NO","NO","NO",NULL,NULL,"public","tbl_sample_images","image_location","The file path or URL where the image is stored.","column"
"public","tbl_sample_images","image_name",5,"character varying",NULL,NULL,80,"YES","NO","NO",NULL,NULL,"public","tbl_sample_images","image_name","The name of the image file.","column"
"public","tbl_sample_images","image_type_id",6,"integer",32,0,NULL,"NO","NO","YES","tbl_image_types","image_type_id","public","tbl_sample_images","image_type_id","Specifies the type of image (e.g., site photograph, lab image).","column"
"public","tbl_sample_images","physical_sample_id",7,"integer",32,0,NULL,"NO","NO","YES","tbl_physical_samples","physical_sample_id","public","tbl_sample_images","physical_sample_id","Identifies the specific physical sample.","column"
"public","tbl_sample_location_type_sampling_contexts","sample_location_type_sampling_context_id",1,"integer",32,0,NULL,"NO","YES","NO",NULL,NULL,"public","tbl_sample_location_type_sampling_contexts","sample_location_type_sampling_context_id","Primary key (automatically incremented).","column"
"public","tbl_sample_location_type_sampling_contexts","sampling_context_id",2,"integer",32,0,NULL,"NO","NO","YES","tbl_sample_group_sampling_contexts","sampling_context_id","public","tbl_sample_location_type_sampling_contexts","sampling_context_id","Specifies the sampling context, providing contextual details about the sampling environment.","column"
"public","tbl_sample_location_type_sampling_contexts","sample_location_type_id",3,"integer",32,0,NULL,"NO","NO","YES","tbl_sample_location_types","sample_location_type_id","public","tbl_sample_location_type_sampling_contexts","sample_location_type_id","Specifies the unique identifier for a sample location type.","column"
"public","tbl_sample_location_type_sampling_contexts","date_updated",4,"timestamp with time zone",NULL,NULL,NULL,"YES","NO","NO",NULL,NULL,NULL,NULL,NULL,NULL,NULL
"public","tbl_sample_location_types","sample_location_type_id",1,"integer",32,0,NULL,"NO","YES","NO",NULL,NULL,"public","tbl_sample_location_types","sample_location_type_id","Primary key (automatically incremented).","column"
"public","tbl_sample_location_types","location_type",2,"character varying",NULL,NULL,255,"YES","NO","NO",NULL,NULL,"public","tbl_sample_location_types","location_type","The name or identifier of the sample location type.","column"
"public","tbl_sample_location_types","location_type_description",3,"text",NULL,NULL,NULL,"YES","NO","NO",NULL,NULL,"public","tbl_sample_location_types","location_type_description","A detailed description of the sample location type.","column"
"public","tbl_sample_location_types","date_updated",4,"timestamp with time zone",NULL,NULL,NULL,"YES","NO","NO",NULL,NULL,NULL,NULL,NULL,NULL,NULL
"public","tbl_sample_locations","sample_location_id",1,"integer",32,0,NULL,"NO","YES","NO",NULL,NULL,"public","tbl_sample_locations","sample_location_id","Primary key (automatically incremented).","column"
"public","tbl_sample_locations","sample_location_type_id",2,"integer",32,0,NULL,"NO","NO","YES","tbl_sample_location_types","sample_location_type_id","public","tbl_sample_locations","sample_location_type_id","Specifies the type of the sample location.","column"
"public","tbl_sample_locations","physical_sample_id",3,"integer",32,0,NULL,"NO","NO","YES","tbl_physical_samples","physical_sample_id","public","tbl_sample_locations","physical_sample_id","Identifies the specific physical sample.","column"
"public","tbl_sample_locations","location",4,"character varying",NULL,NULL,255,"YES","NO","NO",NULL,NULL,"public","tbl_sample_locations","location","The specific location description of the sample.","column"
"public","tbl_sample_locations","date_updated",5,"timestamp with time zone",NULL,NULL,NULL,"YES","NO","NO",NULL,NULL,NULL,NULL,NULL,NULL,NULL
"public","tbl_sample_notes","sample_note_id",1,"integer",32,0,NULL,"NO","YES","NO",NULL,NULL,"public","tbl_sample_notes","sample_note_id","Primary key (automatically incremented).","column"
"public","tbl_sample_notes","physical_sample_id",2,"integer",32,0,NULL,"NO","NO","YES","tbl_physical_samples","physical_sample_id","public","tbl_sample_notes","physical_sample_id","Identifies the specific physical sample.","column"
"public","tbl_sample_notes","note_type",3,"character varying",NULL,NULL,NULL,"YES","NO","NO",NULL,NULL,"public","tbl_sample_notes","note_type","The origin or category of the note, such as 'field note' or 'lab note'.","column"
"public","tbl_sample_notes","note",4,"text",NULL,NULL,NULL,"NO","NO","NO",NULL,NULL,"public","tbl_sample_notes","note","The content of the note.","column"
"public","tbl_sample_notes","date_updated",5,"timestamp with time zone",NULL,NULL,NULL,"YES","NO","NO",NULL,NULL,NULL,NULL,NULL,NULL,NULL
"public","tbl_sample_types","sample_type_id",1,"integer",32,0,NULL,"NO","YES","NO",NULL,NULL,"public","tbl_sample_types","sample_type_id","Primary key (automatically incremented).","column"
"public","tbl_sample_types","type_name",2,"character varying",NULL,NULL,40,"NO","NO","NO",NULL,NULL,"public","tbl_sample_types","type_name","The name or label of the sample type.","column"
"public","tbl_sample_types","description",3,"text",NULL,NULL,NULL,"YES","NO","NO",NULL,NULL,"public","tbl_sample_types","description","Detailed description of the sample type.","column"
"public","tbl_sample_types","date_updated",4,"timestamp with time zone",NULL,NULL,NULL,"YES","NO","NO",NULL,NULL,NULL,NULL,NULL,NULL,NULL
"public","tbl_season_types","season_type_id",1,"integer",32,0,NULL,"NO","YES","NO",NULL,NULL,"public","tbl_season_types","season_type_id","Primary key (automatically incremented).","column"
"public","tbl_season_types","date_updated",2,"timestamp with time zone",NULL,NULL,NULL,"YES","NO","NO",NULL,NULL,NULL,NULL,NULL,NULL,NULL
"public","tbl_season_types","description",3,"text",NULL,NULL,NULL,"YES","NO","NO",NULL,NULL,"public","tbl_season_types","description","A detailed description of the season type.","column"
"public","tbl_season_types","season_type",4,"character varying",NULL,NULL,30,"YES","NO","NO",NULL,NULL,"public","tbl_season_types","season_type","The name or identifier of the season type.","column"
"public","tbl_seasons","season_id",1,"integer",32,0,NULL,"NO","YES","NO",NULL,NULL,"public","tbl_seasons","season_id","Primary key (automatically incremented).","column"
"public","tbl_seasons","date_updated",2,"timestamp with time zone",NULL,NULL,NULL,"YES","NO","NO",NULL,NULL,NULL,NULL,NULL,NULL,NULL
"public","tbl_seasons","season_name",3,"character varying",NULL,NULL,20,"YES","NO","NO",NULL,NULL,"public","tbl_seasons","season_name","Name of the season, e.g., Winter, Spring.","column"
"public","tbl_seasons","season_type",4,"character varying",NULL,NULL,30,"YES","NO","NO",NULL,NULL,"public","tbl_seasons","season_type","Descriptive category for the season, such as meteorological or astronomical.","column"
"public","tbl_seasons","season_type_id",5,"integer",32,0,NULL,"YES","NO","YES","tbl_season_types","season_type_id","public","tbl_seasons","season_type_id","Specifies the season type.","column"
"public","tbl_seasons","sort_order",6,"smallint",16,0,NULL,"YES","NO","NO",NULL,NULL,"public","tbl_seasons","sort_order","Specifies the display order of seasons.","column"
"public","tbl_site_images","site_image_id",1,"integer",32,0,NULL,"NO","YES","NO",NULL,NULL,"public","tbl_site_images","site_image_id","Primary key (automatically incremented).","column"
"public","tbl_site_images","contact_id",2,"integer",32,0,NULL,"YES","NO","YES","tbl_contacts","contact_id","public","tbl_site_images","contact_id","Identifies the contact person or organization related to the site image.","column"
"public","tbl_site_images","credit",3,"character varying",NULL,NULL,100,"YES","NO","NO",NULL,NULL,"public","tbl_site_images","credit","Acknowledgment or attribution for the image.","column"
"public","tbl_site_images","date_taken",4,"date",NULL,NULL,NULL,"YES","NO","NO",NULL,NULL,"public","tbl_site_images","date_taken","The date on which the image was captured.","column"
"public","tbl_site_images","date_updated",5,"timestamp with time zone",NULL,NULL,NULL,"YES","NO","NO",NULL,NULL,NULL,NULL,NULL,NULL,NULL
"public","tbl_site_images","description",6,"text",NULL,NULL,NULL,"YES","NO","NO",NULL,NULL,"public","tbl_site_images","description","A brief description of the image content or context.","column"
"public","tbl_site_images","image_location",7,"text",NULL,NULL,NULL,"NO","NO","NO",NULL,NULL,"public","tbl_site_images","image_location","The file path or URL where the image is stored.","column"
"public","tbl_site_images","image_name",8,"character varying",NULL,NULL,80,"YES","NO","NO",NULL,NULL,"public","tbl_site_images","image_name","The filename or designated name of the image.","column"
"public","tbl_site_images","image_type_id",9,"integer",32,0,NULL,"NO","NO","YES","tbl_image_types","image_type_id","public","tbl_site_images","image_type_id","Specifies the image type classification.","column"
"public","tbl_site_images","site_id",10,"integer",32,0,NULL,"NO","NO","YES","tbl_sites","site_id","public","tbl_site_images","site_id","Specifies the specific site.","column"
"public","tbl_site_locations","site_location_id",1,"integer",32,0,NULL,"NO","YES","NO",NULL,NULL,"public","tbl_site_locations","site_location_id","Primary key (automatically incremented).","column"
"public","tbl_site_locations","date_updated",2,"timestamp with time zone",NULL,NULL,NULL,"YES","NO","NO",NULL,NULL,NULL,NULL,NULL,NULL,NULL
"public","tbl_site_locations","location_id",3,"integer",32,0,NULL,"NO","NO","YES","tbl_locations","location_id","public","tbl_site_locations","location_id","Specifies a location the site is located in.","column"
"public","tbl_site_locations","site_id",4,"integer",32,0,NULL,"NO","NO","YES","tbl_sites","site_id","public","tbl_site_locations","site_id","Specifies the specific site.","column"
"public","tbl_site_natgridrefs","site_natgridref_id",1,"integer",32,0,NULL,"NO","YES","NO",NULL,NULL,"public","tbl_site_natgridrefs","site_natgridref_id","Primary key (automatically incremented).","column"
"public","tbl_site_natgridrefs","site_id",2,"integer",32,0,NULL,"NO","NO","YES","tbl_sites","site_id","public","tbl_site_natgridrefs","site_id","Specifies the specific site.","column"
"public","tbl_site_natgridrefs","method_id",3,"integer",32,0,NULL,"NO","NO","YES","tbl_methods","method_id","public","tbl_site_natgridrefs","method_id","Specifies the coordinate system.","column"
"public","tbl_site_natgridrefs","natgridref",4,"character varying",NULL,NULL,NULL,"NO","NO","NO",NULL,NULL,"public","tbl_site_natgridrefs","natgridref","The national grid reference for the site.","column"
"public","tbl_site_natgridrefs","date_updated",5,"timestamp with time zone",NULL,NULL,NULL,"YES","NO","NO",NULL,NULL,NULL,NULL,NULL,NULL,NULL
"public","tbl_site_other_records","site_other_records_id",1,"integer",32,0,NULL,"NO","YES","NO",NULL,NULL,"public","tbl_site_other_records","site_other_records_id","Primary key (automatically incremented).","column"
"public","tbl_site_other_records","site_id",2,"integer",32,0,NULL,"YES","NO","YES","tbl_sites","site_id","public","tbl_site_other_records","site_id","Specifies the specific site.","column"
"public","tbl_site_other_records","biblio_id",3,"integer",32,0,NULL,"YES","NO","YES","tbl_biblio","biblio_id","public","tbl_site_other_records","biblio_id","Specifies the publication that describes or mentions  site data is documented.","column"
"public","tbl_site_other_records","record_type_id",4,"integer",32,0,NULL,"YES","NO","YES","tbl_record_types","record_type_id","public","tbl_site_other_records","record_type_id","Specifies the type of data (proxy) represented in this record.","column"
"public","tbl_site_other_records","description",5,"text",NULL,NULL,NULL,"YES","NO","NO",NULL,NULL,"public","tbl_site_other_records","description","A brief description of the data not currently stored in SEAD.","column"
"public","tbl_site_other_records","date_updated",6,"timestamp with time zone",NULL,NULL,NULL,"YES","NO","NO",NULL,NULL,NULL,NULL,NULL,NULL,NULL
"public","tbl_site_other_records","site_other_records_uuid",7,"uuid",NULL,NULL,NULL,"NO","NO","NO",NULL,NULL,NULL,NULL,NULL,NULL,NULL
"public","tbl_site_preservation_status","site_preservation_status_id",1,"integer",32,0,NULL,"NO","YES","NO",NULL,NULL,"public","tbl_site_preservation_status","site_preservation_status_id","Primary key (automatically incremented).","column"
"public","tbl_site_preservation_status","site_id",2,"integer",32,0,NULL,"YES","NO","YES","tbl_sites","site_id","public","tbl_site_preservation_status","site_id","Specifies the site to allow multiple preservation status or threat records per site.","column"
"public","tbl_site_preservation_status","preservation_status_or_threat",3,"character varying",NULL,NULL,NULL,"YES","NO","NO",NULL,NULL,"public","tbl_site_preservation_status","preservation_status_or_threat","A descriptive term for the preservation status (e.g., lost, damaged, threatened) or the primary cause of risk to the site (e.g., hydroelectric projects, oil exploitation, mining, forestry, climate change, erosion).","column"
"public","tbl_site_preservation_status","description",4,"text",NULL,NULL,NULL,"YES","NO","NO",NULL,NULL,"public","tbl_site_preservation_status","description","A brief overview of the site's preservation status or the threats it faces. This field is for information that does not fit into other specified columns.","column"
"public","tbl_site_preservation_status","assessment_type",5,"character varying",NULL,NULL,NULL,"YES","NO","NO",NULL,NULL,"public","tbl_site_preservation_status","assessment_type","Specifies the type of assessment conducted, such as a UNESCO report or archaeological survey, detailing preservation status and threats.","column"
"public","tbl_site_preservation_status","assessment_author_contact_id",6,"integer",32,0,NULL,"YES","NO","NO",NULL,NULL,"public","tbl_site_preservation_status","assessment_author_contact_id","Identifier for the person or authority in tbl_contacts responsible for assessing the preservation status and threats.","column"
"public","tbl_site_preservation_status","date_updated",7,"timestamp with time zone",NULL,NULL,NULL,"YES","NO","NO",NULL,NULL,NULL,NULL,NULL,NULL,NULL
"public","tbl_site_preservation_status","Evaluation_date",8,"date",NULL,NULL,NULL,"YES","NO","NO",NULL,NULL,"public","tbl_site_preservation_status","Evaluation_date","The date on which the preservation status or threat assessment was conducted, whether formal or informal.","column"
"public","tbl_site_references","site_reference_id",1,"integer",32,0,NULL,"NO","YES","NO",NULL,NULL,"public","tbl_site_references","site_reference_id","Primary key (automatically incremented).","column"
"public","tbl_site_references","site_id",2,"integer",32,0,NULL,"YES","NO","YES","tbl_sites","site_id","public","tbl_site_references","site_id","Specifies the specific site.","column"
"public","tbl_site_references","biblio_id",3,"integer",32,0,NULL,"NO","NO","YES","tbl_biblio","biblio_id","public","tbl_site_references","biblio_id","Specifies the publication that describes or mentions  the site.","column"
"public","tbl_site_references","date_updated",4,"timestamp with time zone",NULL,NULL,NULL,"YES","NO","NO",NULL,NULL,NULL,NULL,NULL,NULL,NULL
"public","tbl_sites","site_id",1,"integer",32,0,NULL,"NO","YES","NO",NULL,NULL,"public","tbl_sites","site_id","Primary key (automatically incremented).","column"
"public","tbl_sites","altitude",2,"numeric",18,10,NULL,"YES","NO","NO",NULL,NULL,"public","tbl_sites","altitude","The altitude of the site in meters above sea level.","column"
"public","tbl_sites","latitude_dd",3,"numeric",18,10,NULL,"YES","NO","NO",NULL,NULL,"public","tbl_sites","latitude_dd","The latitude of the site in decimal degrees.","column"
"public","tbl_sites","longitude_dd",4,"numeric",18,10,NULL,"YES","NO","NO",NULL,NULL,"public","tbl_sites","longitude_dd","The longitude of the site in decimal degrees.","column"
"public","tbl_sites","national_site_identifier",5,"character varying",NULL,NULL,255,"YES","NO","NO",NULL,NULL,"public","tbl_sites","national_site_identifier","A unique identifier assigned to the site by the national authority.","column"
"public","tbl_sites","site_description",6,"text",NULL,NULL,NULL,"YES","NO","NO",NULL,NULL,"public","tbl_sites","site_description","A detailed description of the site's characteristics and significance.","column"
"public","tbl_sites","site_name",7,"character varying",NULL,NULL,60,"YES","NO","NO",NULL,NULL,"public","tbl_sites","site_name","The official or commonly used name of the site.","column"
"public","tbl_sites","site_preservation_status_id",8,"integer",32,0,NULL,"YES","NO","YES","tbl_site_preservation_status","site_preservation_status_id","public","tbl_sites","site_preservation_status_id","Specifies the preservation status of the site, indicating its current condition.","column"
"public","tbl_sites","site_location_accuracy",9,"character varying",NULL,NULL,NULL,"YES","NO","NO",NULL,NULL,"public","tbl_sites","site_location_accuracy","Describes the accuracy of the site's location resolution, such as 'Nearest settlement', 'Lake', 'Bog', 'Ancient monument', or 'Approximate'.","column"
"public","tbl_sites","date_updated",10,"timestamp with time zone",NULL,NULL,NULL,"YES","NO","NO",NULL,NULL,NULL,NULL,NULL,NULL,NULL
"public","tbl_sites","site_uuid",11,"uuid",NULL,NULL,NULL,"NO","NO","NO",NULL,NULL,NULL,NULL,NULL,NULL,NULL
"public","tbl_species_association_types","association_type_id",1,"integer",32,0,NULL,"NO","YES","NO",NULL,NULL,"public","tbl_species_association_types","association_type_id","Primary key (automatically incremented).","column"
"public","tbl_species_association_types","association_type_name",2,"character varying",NULL,NULL,255,"YES","NO","NO",NULL,NULL,"public","tbl_species_association_types","association_type_name","Short name or label for the association type.","column"
"public","tbl_species_association_types","association_description",3,"text",NULL,NULL,NULL,"YES","NO","NO",NULL,NULL,"public","tbl_species_association_types","association_description","Detailed description of the association type.","column"
"public","tbl_species_association_types","date_updated",4,"timestamp with time zone",NULL,NULL,NULL,"YES","NO","NO",NULL,NULL,NULL,NULL,NULL,NULL,NULL
"public","tbl_species_associations","species_association_id",1,"integer",32,0,NULL,"NO","YES","NO",NULL,NULL,"public","tbl_species_associations","species_association_id","Primary key (automatically incremented).","column"
"public","tbl_species_associations","associated_taxon_id",2,"integer",32,0,NULL,"NO","NO","NO",NULL,NULL,"public","tbl_species_associations","associated_taxon_id","Identifier for the taxon related to the primary taxon (defined by taxon_id).","column"
"public","tbl_species_associations","biblio_id",3,"integer",32,0,NULL,"YES","NO","YES","tbl_biblio","biblio_id","public","tbl_species_associations","biblio_id","Specifies the publication that describes or mentions the species association.","column"
"public","tbl_species_associations","date_updated",4,"timestamp with time zone",NULL,NULL,NULL,"YES","NO","NO",NULL,NULL,NULL,NULL,NULL,NULL,NULL
"public","tbl_species_associations","taxon_id",5,"integer",32,0,NULL,"NO","NO","YES","tbl_taxa_tree_master","taxon_id","public","tbl_species_associations","taxon_id","Specifies the taxonomic unit related to this record.","column"
"public","tbl_species_associations","association_type_id",6,"integer",32,0,NULL,"YES","NO","YES","tbl_species_association_types","association_type_id","public","tbl_species_associations","association_type_id","Identifier for the type of relationship between the primary taxon and the associated taxon, noting the importance of association directionality (e.g., 'x preys on y').","column"
"public","tbl_species_associations","referencing_type",7,"text",NULL,NULL,NULL,"YES","NO","NO",NULL,NULL,"public","tbl_species_associations","referencing_type","Type or method of reference used for the species association documentation.","column"
"public","tbl_species_associations","species_association_uuid",8,"uuid",NULL,NULL,NULL,"NO","NO","NO",NULL,NULL,NULL,NULL,NULL,NULL,NULL
"public","tbl_taxa_common_names","taxon_common_name_id",1,"integer",32,0,NULL,"NO","YES","NO",NULL,NULL,"public","tbl_taxa_common_names","taxon_common_name_id","Primary key (automatically incremented).","column"
"public","tbl_taxa_common_names","common_name",2,"character varying",NULL,NULL,255,"YES","NO","NO",NULL,NULL,"public","tbl_taxa_common_names","common_name","The common or vernacular name of the organism.","column"
"public","tbl_taxa_common_names","date_updated",3,"timestamp with time zone",NULL,NULL,NULL,"YES","NO","NO",NULL,NULL,NULL,NULL,NULL,NULL,NULL
"public","tbl_taxa_common_names","language_id",4,"integer",32,0,NULL,"YES","NO","YES","tbl_languages","language_id","public","tbl_taxa_common_names","language_id","Specifies the language in which the common name is recorded.","column"
"public","tbl_taxa_common_names","taxon_id",5,"integer",32,0,NULL,"YES","NO","YES","tbl_taxa_tree_master","taxon_id","public","tbl_taxa_common_names","taxon_id","Specifies the taxonomic unit related to this record.","column"
"public","tbl_taxa_images","taxa_images_id",1,"integer",32,0,NULL,"NO","YES","NO",NULL,NULL,"public","tbl_taxa_images","taxa_images_id","Primary key (automatically incremented).","column"
"public","tbl_taxa_images","image_name",2,"character varying",NULL,NULL,NULL,"YES","NO","NO",NULL,NULL,"public","tbl_taxa_images","image_name","The file name or title of the image.","column"
"public","tbl_taxa_images","description",3,"text",NULL,NULL,NULL,"YES","NO","NO",NULL,NULL,"public","tbl_taxa_images","description","A brief description of the image content.","column"
"public","tbl_taxa_images","image_location",4,"text",NULL,NULL,NULL,"YES","NO","NO",NULL,NULL,"public","tbl_taxa_images","image_location","The URL or file path where the image is located.","column"
"public","tbl_taxa_images","image_type_id",5,"integer",32,0,NULL,"YES","NO","YES","tbl_image_types","image_type_id","public","tbl_taxa_images","image_type_id","Specifies the image type, indicating the format or category of the image.","column"
"public","tbl_taxa_images","taxon_id",6,"integer",32,0,NULL,"NO","NO","YES","tbl_taxa_tree_master","taxon_id","public","tbl_taxa_images","taxon_id","Specifies the taxonomic unit related to this record.","column"
"public","tbl_taxa_images","date_updated",7,"timestamp with time zone",NULL,NULL,NULL,"YES","NO","NO",NULL,NULL,NULL,NULL,NULL,NULL,NULL
"public","tbl_taxa_measured_attributes","measured_attribute_id",1,"integer",32,0,NULL,"NO","YES","NO",NULL,NULL,"public","tbl_taxa_measured_attributes","measured_attribute_id","Primary key (automatically incremented).","column"
"public","tbl_taxa_measured_attributes","attribute_measure",2,"character varying",NULL,NULL,255,"YES","NO","NO",NULL,NULL,"public","tbl_taxa_measured_attributes","attribute_measure","The specific measurement value of the attribute (e.g., 10.5 cm).","column"
"public","tbl_taxa_measured_attributes","attribute_type",3,"character varying",NULL,NULL,255,"YES","NO","NO",NULL,NULL,"public","tbl_taxa_measured_attributes","attribute_type","The type of measurement being recorded (e.g., length, width).","column"
"public","tbl_taxa_measured_attributes","attribute_units",4,"character varying",NULL,NULL,10,"YES","NO","NO",NULL,NULL,"public","tbl_taxa_measured_attributes","attribute_units","Units in which the measurement is recorded (e.g., cm, mm).","column"
"public","tbl_taxa_measured_attributes","data",5,"numeric",18,10,NULL,"YES","NO","NO",NULL,NULL,"public","tbl_taxa_measured_attributes","data","Additional data related to the measurement, if applicable.","column"
"public","tbl_taxa_measured_attributes","date_updated",6,"timestamp with time zone",NULL,NULL,NULL,"YES","NO","NO",NULL,NULL,NULL,NULL,NULL,NULL,NULL
"public","tbl_taxa_measured_attributes","taxon_id",7,"integer",32,0,NULL,"NO","NO","YES","tbl_taxa_tree_master","taxon_id","public","tbl_taxa_measured_attributes","taxon_id","Specifies the taxonomic unit related to this record.","column"
"public","tbl_taxa_reference_specimens","taxa_reference_specimen_id",1,"integer",32,0,NULL,"NO","YES","NO",NULL,NULL,"public","tbl_taxa_reference_specimens","taxa_reference_specimen_id","Primary key (automatically incremented).","column"
"public","tbl_taxa_reference_specimens","taxon_id",2,"integer",32,0,NULL,"NO","NO","YES","tbl_taxa_tree_master","taxon_id","public","tbl_taxa_reference_specimens","taxon_id","Specifies the taxonomic unit related to this record.","column"
"public","tbl_taxa_reference_specimens","contact_id",3,"integer",32,0,NULL,"NO","NO","YES","tbl_contacts","contact_id","public","tbl_taxa_reference_specimens","contact_id","Identifies the contact person or organization responsible for the taxon reference specimen.","column"
"public","tbl_taxa_reference_specimens","notes",4,"text",NULL,NULL,NULL,"YES","NO","NO",NULL,NULL,"public","tbl_taxa_reference_specimens","notes","Additional information or remarks about the reference specimen.","column"
"public","tbl_taxa_reference_specimens","date_updated",5,"timestamp with time zone",NULL,NULL,NULL,"YES","NO","NO",NULL,NULL,NULL,NULL,NULL,NULL,NULL
"public","tbl_taxa_seasonality","seasonality_id",1,"integer",32,0,NULL,"NO","YES","NO",NULL,NULL,"public","tbl_taxa_seasonality","seasonality_id","Primary key (automatically incremented).","column"
"public","tbl_taxa_seasonality","activity_type_id",2,"integer",32,0,NULL,"NO","NO","YES","tbl_activity_types","activity_type_id","public","tbl_taxa_seasonality","activity_type_id","Specifies the type of activity or developmental stage.","column"
"public","tbl_taxa_seasonality","season_id",3,"integer",32,0,NULL,"YES","NO","YES","tbl_seasons","season_id","public","tbl_taxa_seasonality","season_id","Specifies the specific season or time of year.","column"
"public","tbl_taxa_seasonality","taxon_id",4,"integer",32,0,NULL,"NO","NO","YES","tbl_taxa_tree_master","taxon_id","public","tbl_taxa_seasonality","taxon_id","Specifies the taxonomic unit related to this record.","column"
"public","tbl_taxa_seasonality","location_id",5,"integer",32,0,NULL,"NO","NO","YES","tbl_locations","location_id","public","tbl_taxa_seasonality","location_id","Specifies the geographical location relevant to the seasonality data.","column"
"public","tbl_taxa_seasonality","date_updated",6,"timestamp with time zone",NULL,NULL,NULL,"YES","NO","NO",NULL,NULL,NULL,NULL,NULL,NULL,NULL
"public","tbl_taxa_synonyms","synonym_id",1,"integer",32,0,NULL,"NO","YES","NO",NULL,NULL,"public","tbl_taxa_synonyms","synonym_id","Primary key (automatically incremented).","column"
"public","tbl_taxa_synonyms","biblio_id",2,"integer",32,0,NULL,"NO","NO","YES","tbl_biblio","biblio_id","public","tbl_taxa_synonyms","biblio_id","Specifies the publication that describes or mentions then  taxon synonym.","column"
"public","tbl_taxa_synonyms","date_updated",3,"timestamp with time zone",NULL,NULL,NULL,"YES","NO","NO",NULL,NULL,NULL,NULL,NULL,NULL,NULL
"public","tbl_taxa_synonyms","family_id",4,"integer",32,0,NULL,"YES","NO","YES","tbl_taxa_tree_families","family_id","public","tbl_taxa_synonyms","family_id","Specifies the taxonomic family related to the taxon synonym.","column"
"public","tbl_taxa_synonyms","genus_id",5,"integer",32,0,NULL,"YES","NO","YES","tbl_taxa_tree_genera","genus_id","public","tbl_taxa_synonyms","genus_id","Specifies the genus related to the taxon synonym.","column"
"public","tbl_taxa_synonyms","notes",6,"text",NULL,NULL,NULL,"YES","NO","NO",NULL,NULL,"public","tbl_taxa_synonyms","notes","Additional information relevant to the history or usage of the synonym.","column"
"public","tbl_taxa_synonyms","taxon_id",7,"integer",32,0,NULL,"YES","NO","YES","tbl_taxa_tree_master","taxon_id","public","tbl_taxa_synonyms","taxon_id","Specifies the taxonomic unit related to this record.","column"
"public","tbl_taxa_synonyms","author_id",8,"integer",32,0,NULL,"YES","NO","YES","tbl_taxa_tree_authors","author_id","public","tbl_taxa_synonyms","author_id","Specifies the author related to the taxon synonym.","column"
"public","tbl_taxa_synonyms","synonym",9,"character varying",NULL,NULL,255,"YES","NO","NO",NULL,NULL,"public","tbl_taxa_synonyms","synonym","The synonym at the specified taxonomic level. A separate record is used for different taxonomic levels when names differ from the master list.","column"
"public","tbl_taxa_synonyms","reference_type",10,"character varying",NULL,NULL,NULL,"YES","NO","NO",NULL,NULL,"public","tbl_taxa_synonyms","reference_type","Type of reference related to the synonym, such as usage, definition, or incorrect usage.","column"
"public","tbl_taxa_synonyms","synonym_uuid",11,"uuid",NULL,NULL,NULL,"NO","NO","NO",NULL,NULL,NULL,NULL,NULL,NULL,NULL
"public","tbl_taxa_tree_authors","author_id",1,"integer",32,0,NULL,"NO","YES","NO",NULL,NULL,"public","tbl_taxa_tree_authors","author_id","Primary key (automatically incremented).","column"
"public","tbl_taxa_tree_authors","author_name",2,"character varying",NULL,NULL,100,"YES","NO","NO",NULL,NULL,"public","tbl_taxa_tree_authors","author_name","The name of the authority related to the species or synonym.","column"
"public","tbl_taxa_tree_authors","date_updated",3,"timestamp with time zone",NULL,NULL,NULL,"YES","NO","NO",NULL,NULL,NULL,NULL,NULL,NULL,NULL
"public","tbl_taxa_tree_families","family_id",1,"integer",32,0,NULL,"NO","YES","NO",NULL,NULL,"public","tbl_taxa_tree_families","family_id","Primary key (automatically incremented).","column"
"public","tbl_taxa_tree_families","date_updated",2,"timestamp with time zone",NULL,NULL,NULL,"YES","NO","NO",NULL,NULL,NULL,NULL,NULL,NULL,NULL
"public","tbl_taxa_tree_families","family_name",3,"character varying",NULL,NULL,100,"YES","NO","NO",NULL,NULL,"public","tbl_taxa_tree_families","family_name","Name of the taxonomic family.","column"
"public","tbl_taxa_tree_families","order_id",4,"integer",32,0,NULL,"NO","NO","YES","tbl_taxa_tree_orders","order_id","public","tbl_taxa_tree_families","order_id","Specifies the taxonomic order this family belongs to.","column"
"public","tbl_taxa_tree_genera","genus_id",1,"integer",32,0,NULL,"NO","YES","NO",NULL,NULL,"public","tbl_taxa_tree_genera","genus_id","Primary key (automatically incremented).","column"
"public","tbl_taxa_tree_genera","date_updated",2,"timestamp with time zone",NULL,NULL,NULL,"YES","NO","NO",NULL,NULL,NULL,NULL,NULL,NULL,NULL
"public","tbl_taxa_tree_genera","family_id",3,"integer",32,0,NULL,"YES","NO","YES","tbl_taxa_tree_families","family_id","public","tbl_taxa_tree_genera","family_id","Specifies the taxonomic family.","column"
"public","tbl_taxa_tree_genera","genus_name",4,"character varying",NULL,NULL,100,"YES","NO","NO",NULL,NULL,"public","tbl_taxa_tree_genera","genus_name","Name of the genus.","column"
"public","tbl_taxa_tree_master","taxon_id",1,"integer",32,0,NULL,"NO","YES","NO",NULL,NULL,"public","tbl_taxa_tree_master","taxon_id","Primary key (automatically incremented).","column"
"public","tbl_taxa_tree_master","author_id",2,"integer",32,0,NULL,"YES","NO","YES","tbl_taxa_tree_authors","author_id","public","tbl_taxa_tree_master","author_id","Specifies the author of the taxonomic classification.","column"
"public","tbl_taxa_tree_master","date_updated",3,"timestamp with time zone",NULL,NULL,NULL,"YES","NO","NO",NULL,NULL,NULL,NULL,NULL,NULL,NULL
"public","tbl_taxa_tree_master","genus_id",4,"integer",32,0,NULL,"YES","NO","YES","tbl_taxa_tree_genera","genus_id","public","tbl_taxa_tree_master","genus_id","Specifies the genus related to this taxon.","column"
"public","tbl_taxa_tree_master","species",5,"character varying",NULL,NULL,255,"YES","NO","NO",NULL,NULL,"public","tbl_taxa_tree_master","species","Name of the species or designation for unspecified species (e.g., 'sp.', 'spp.').","column"
"public","tbl_taxa_tree_orders","order_id",1,"integer",32,0,NULL,"NO","YES","NO",NULL,NULL,"public","tbl_taxa_tree_orders","order_id","Primary key (automatically incremented).","column"
"public","tbl_taxa_tree_orders","date_updated",2,"timestamp with time zone",NULL,NULL,NULL,"YES","NO","NO",NULL,NULL,NULL,NULL,NULL,NULL,NULL
"public","tbl_taxa_tree_orders","order_name",3,"character varying",NULL,NULL,50,"YES","NO","NO",NULL,NULL,"public","tbl_taxa_tree_orders","order_name","The name of the taxonomic order.","column"
"public","tbl_taxa_tree_orders","record_type_id",4,"integer",32,0,NULL,"YES","NO","YES","tbl_record_types","record_type_id","public","tbl_taxa_tree_orders","record_type_id","Specifies the record type, indicating the type of taxonomic record.","column"
"public","tbl_taxa_tree_orders","sort_order",5,"integer",32,0,NULL,"YES","NO","NO",NULL,NULL,"public","tbl_taxa_tree_orders","sort_order","Specifies the display order of taxonomic orders.","column"
"public","tbl_taxonomic_order","taxonomic_order_id",1,"integer",32,0,NULL,"NO","YES","NO",NULL,NULL,"public","tbl_taxonomic_order","taxonomic_order_id","Primary key (automatically incremented).","column"
"public","tbl_taxonomic_order","date_updated",2,"timestamp with time zone",NULL,NULL,NULL,"YES","NO","NO",NULL,NULL,NULL,NULL,NULL,NULL,NULL
"public","tbl_taxonomic_order","taxon_id",3,"integer",32,0,NULL,"YES","NO","YES","tbl_taxa_tree_master","taxon_id","public","tbl_taxonomic_order","taxon_id","Specifies the taxonomic unit related to this record.","column"
"public","tbl_taxonomic_order","taxonomic_code",4,"numeric",18,10,NULL,"YES","NO","NO",NULL,NULL,"public","tbl_taxonomic_order","taxonomic_code","Unique code representing the taxonomic classification.","column"
"public","tbl_taxonomic_order","taxonomic_order_system_id",5,"integer",32,0,NULL,"YES","NO","YES","tbl_taxonomic_order_systems","taxonomic_order_system_id","public","tbl_taxonomic_order","taxonomic_order_system_id","Specifies the taxonomic ordering system.","column"
"public","tbl_taxonomic_order_biblio","taxonomic_order_biblio_id",1,"integer",32,0,NULL,"NO","YES","NO",NULL,NULL,"public","tbl_taxonomic_order_biblio","taxonomic_order_biblio_id","Primary key (automatically incremented).","column"
"public","tbl_taxonomic_order_biblio","biblio_id",2,"integer",32,0,NULL,"YES","NO","YES","tbl_biblio","biblio_id","public","tbl_taxonomic_order_biblio","biblio_id","Specifies the publication that describes or mentions  the taxon synonym.","column"
"public","tbl_taxonomic_order_biblio","date_updated",3,"timestamp with time zone",NULL,NULL,NULL,"YES","NO","NO",NULL,NULL,NULL,NULL,NULL,NULL,NULL
"public","tbl_taxonomic_order_biblio","taxonomic_order_system_id",4,"integer",32,0,NULL,"YES","NO","YES","tbl_taxonomic_order_systems","taxonomic_order_system_id","public","tbl_taxonomic_order_biblio","taxonomic_order_system_id","Specifies the the taxonomic order system.","column"
"public","tbl_taxonomic_order_systems","taxonomic_order_system_id",1,"integer",32,0,NULL,"NO","YES","NO",NULL,NULL,"public","tbl_taxonomic_order_systems","taxonomic_order_system_id","Primary key (automatically incremented).","column"
"public","tbl_taxonomic_order_systems","date_updated",2,"timestamp with time zone",NULL,NULL,NULL,"YES","NO","NO",NULL,NULL,NULL,NULL,NULL,NULL,NULL
"public","tbl_taxonomic_order_systems","system_description",3,"text",NULL,NULL,NULL,"YES","NO","NO",NULL,NULL,"public","tbl_taxonomic_order_systems","system_description","Gives a detailed description of the taxonomic order system.","column"
"public","tbl_taxonomic_order_systems","system_name",4,"character varying",NULL,NULL,50,"YES","NO","NO",NULL,NULL,"public","tbl_taxonomic_order_systems","system_name","The name of the taxonomic order system.","column"
"public","tbl_taxonomic_order_systems","taxonomic_order_system_uuid",5,"uuid",NULL,NULL,NULL,"NO","NO","NO",NULL,NULL,NULL,NULL,NULL,NULL,NULL
"public","tbl_taxonomy_notes","taxonomy_notes_id",1,"integer",32,0,NULL,"NO","YES","NO",NULL,NULL,"public","tbl_taxonomy_notes","taxonomy_notes_id","Primary key (automatically incremented).","column"
"public","tbl_taxonomy_notes","biblio_id",2,"integer",32,0,NULL,"NO","NO","YES","tbl_biblio","biblio_id","public","tbl_taxonomy_notes","biblio_id","Specifies the publication that describes or mentions  the taxonomy note.","column"
"public","tbl_taxonomy_notes","date_updated",3,"timestamp with time zone",NULL,NULL,NULL,"YES","NO","NO",NULL,NULL,NULL,NULL,NULL,NULL,NULL
"public","tbl_taxonomy_notes","taxon_id",4,"integer",32,0,NULL,"NO","NO","YES","tbl_taxa_tree_master","taxon_id","public","tbl_taxonomy_notes","taxon_id","Specifies the taxonomic unit related to this record.","column"
"public","tbl_taxonomy_notes","taxonomy_notes",5,"text",NULL,NULL,NULL,"YES","NO","NO",NULL,NULL,"public","tbl_taxonomy_notes","taxonomy_notes","Detailed notes about the taxon, including identification tips and relevant references.","column"
"public","tbl_taxonomy_notes","taxonomy_notes_uuid",6,"uuid",NULL,NULL,NULL,"NO","NO","NO",NULL,NULL,NULL,NULL,NULL,NULL,NULL
"public","tbl_temperatures","record_id",1,"integer",32,0,NULL,"NO","YES","NO",NULL,NULL,"public","tbl_temperatures","record_id","Primary key (automatically incremented).","column"
"public","tbl_temperatures","years_bp",2,"integer",32,0,NULL,"NO","NO","NO",NULL,NULL,"public","tbl_temperatures","years_bp","The age of the sample in years before present, providing a temporal context for the data.","column"
"public","tbl_temperatures","d180_gisp2",3,"numeric",NULL,NULL,NULL,"YES","NO","NO",NULL,NULL,"public","tbl_temperatures","d180_gisp2","Isotopic oxygen-18 data from the Greenland Ice Sheet Project 2, used for paleotemperature reconstructions.","column"
"public","tbl_tephra_dates","tephra_date_id",1,"integer",32,0,NULL,"NO","YES","NO",NULL,NULL,"public","tbl_tephra_dates","tephra_date_id","Primary key (automatically incremented).","column"
"public","tbl_tephra_dates","analysis_entity_id",2,"bigint",64,0,NULL,"NO","NO","YES","tbl_analysis_entities","analysis_entity_id","public","tbl_tephra_dates","analysis_entity_id","Identifies the specific analysis entity associated with this record.","column"
"public","tbl_tephra_dates","date_updated",3,"timestamp with time zone",NULL,NULL,NULL,"YES","NO","NO",NULL,NULL,NULL,NULL,NULL,NULL,NULL
"public","tbl_tephra_dates","notes",4,"text",NULL,NULL,NULL,"YES","NO","NO",NULL,NULL,"public","tbl_tephra_dates","notes","Optional field for additional information or comments related to the tephra date.","column"
"public","tbl_tephra_dates","tephra_id",5,"integer",32,0,NULL,"NO","NO","YES","tbl_tephras","tephra_id","public","tbl_tephra_dates","tephra_id","Specifies the the specific tephra layer related to the date.","column"
"public","tbl_tephra_dates","dating_uncertainty_id",6,"integer",32,0,NULL,"YES","NO","YES","tbl_dating_uncertainty","dating_uncertainty_id","public","tbl_tephra_dates","dating_uncertainty_id","Specifies the uncertainty category related to the dating method used.","column"
"public","tbl_tephra_refs","tephra_ref_id",1,"integer",32,0,NULL,"NO","YES","NO",NULL,NULL,"public","tbl_tephra_refs","tephra_ref_id","Primary key (automatically incremented).","column"
"public","tbl_tephra_refs","biblio_id",2,"integer",32,0,NULL,"NO","NO","YES","tbl_biblio","biblio_id","public","tbl_tephra_refs","biblio_id","Specifies the publication that describes or mentions  the tephra layer.","column"
"public","tbl_tephra_refs","date_updated",3,"timestamp with time zone",NULL,NULL,NULL,"YES","NO","NO",NULL,NULL,NULL,NULL,NULL,NULL,NULL
"public","tbl_tephra_refs","tephra_id",4,"integer",32,0,NULL,"NO","NO","YES","tbl_tephras","tephra_id","public","tbl_tephra_refs","tephra_id","Specifies the specific tephra layer.","column"
"public","tbl_tephras","tephra_id",1,"integer",32,0,NULL,"NO","YES","NO",NULL,NULL,"public","tbl_tephras","tephra_id","Primary key (automatically incremented).","column"
"public","tbl_tephras","c14_age",2,"numeric",20,5,NULL,"YES","NO","NO",NULL,NULL,"public","tbl_tephras","c14_age","Radiocarbon age of the tephra layer.","column"
"public","tbl_tephras","c14_age_older",3,"numeric",20,5,NULL,"YES","NO","NO",NULL,NULL,"public","tbl_tephras","c14_age_older","Upper limit of the radiocarbon age range.","column"
"public","tbl_tephras","c14_age_younger",4,"numeric",20,5,NULL,"YES","NO","NO",NULL,NULL,"public","tbl_tephras","c14_age_younger","Lower limit of the radiocarbon age range.","column"
"public","tbl_tephras","cal_age",5,"numeric",20,5,NULL,"YES","NO","NO",NULL,NULL,"public","tbl_tephras","cal_age","Calibrated age of the tephra layer.","column"
"public","tbl_tephras","cal_age_older",6,"numeric",20,5,NULL,"YES","NO","NO",NULL,NULL,"public","tbl_tephras","cal_age_older","Upper boundary of the calibrated age range.","column"
"public","tbl_tephras","cal_age_younger",7,"numeric",20,5,NULL,"YES","NO","NO",NULL,NULL,"public","tbl_tephras","cal_age_younger","Lower boundary of the calibrated age range.","column"
"public","tbl_tephras","date_updated",8,"timestamp with time zone",NULL,NULL,NULL,"YES","NO","NO",NULL,NULL,NULL,NULL,NULL,NULL,NULL
"public","tbl_tephras","notes",9,"text",NULL,NULL,NULL,"YES","NO","NO",NULL,NULL,"public","tbl_tephras","notes","Additional information or remarks about the tephra layer.","column"
"public","tbl_tephras","tephra_name",10,"character varying",NULL,NULL,80,"YES","NO","NO",NULL,NULL,"public","tbl_tephras","tephra_name","Name of the tephra layer, such as a specific volcanic event.","column"
"public","tbl_tephras","tephra_uuid",11,"uuid",NULL,NULL,NULL,"NO","NO","NO",NULL,NULL,NULL,NULL,NULL,NULL,NULL
"public","tbl_text_biology","biology_id",1,"integer",32,0,NULL,"NO","YES","NO",NULL,NULL,"public","tbl_text_biology","biology_id","Primary key (automatically incremented).","column"
"public","tbl_text_biology","biblio_id",2,"integer",32,0,NULL,"NO","NO","YES","tbl_biblio","biblio_id","public","tbl_text_biology","biblio_id","Specifies the publication detailing the biological information.","column"
"public","tbl_text_biology","biology_text",3,"text",NULL,NULL,NULL,"YES","NO","NO",NULL,NULL,"public","tbl_text_biology","biology_text","Descriptive text providing ecological, habitat, or behavioral details.","column"
"public","tbl_text_biology","date_updated",4,"timestamp with time zone",NULL,NULL,NULL,"YES","NO","NO",NULL,NULL,NULL,NULL,NULL,NULL,NULL
"public","tbl_text_biology","taxon_id",5,"integer",32,0,NULL,"NO","NO","YES","tbl_taxa_tree_master","taxon_id","public","tbl_text_biology","taxon_id","Specifies the taxonomic unit related to this record.","column"
"public","tbl_text_biology","biology_uuid",6,"uuid",NULL,NULL,NULL,"NO","NO","NO",NULL,NULL,NULL,NULL,NULL,NULL,NULL
"public","tbl_text_distribution","distribution_id",1,"integer",32,0,NULL,"NO","YES","NO",NULL,NULL,"public","tbl_text_distribution","distribution_id","Primary key (automatically incremented).","column"
"public","tbl_text_distribution","biblio_id",2,"integer",32,0,NULL,"NO","NO","YES","tbl_biblio","biblio_id","public","tbl_text_distribution","biblio_id","Specifies the publication that describes or mentions the distribution.","column"
"public","tbl_text_distribution","date_updated",3,"timestamp with time zone",NULL,NULL,NULL,"YES","NO","NO",NULL,NULL,NULL,NULL,NULL,NULL,NULL
"public","tbl_text_distribution","distribution_text",4,"text",NULL,NULL,NULL,"YES","NO","NO",NULL,NULL,"public","tbl_text_distribution","distribution_text","Textual description of the taxon's distribution.","column"
"public","tbl_text_distribution","taxon_id",5,"integer",32,0,NULL,"NO","NO","YES","tbl_taxa_tree_master","taxon_id","public","tbl_text_distribution","taxon_id","Specifies the taxonomic unit related to this record.","column"
"public","tbl_text_distribution","distribution_uuid",6,"uuid",NULL,NULL,NULL,"NO","NO","NO",NULL,NULL,NULL,NULL,NULL,NULL,NULL
"public","tbl_text_identification_keys","key_id",1,"integer",32,0,NULL,"NO","YES","NO",NULL,NULL,"public","tbl_text_identification_keys","key_id","Primary key (automatically incremented).","column"
"public","tbl_text_identification_keys","biblio_id",2,"integer",32,0,NULL,"NO","NO","YES","tbl_biblio","biblio_id","public","tbl_text_identification_keys","biblio_id","Specifies the publication that describes or mentions  the identification key.","column"
"public","tbl_text_identification_keys","date_updated",3,"timestamp with time zone",NULL,NULL,NULL,"YES","NO","NO",NULL,NULL,NULL,NULL,NULL,NULL,NULL
"public","tbl_text_identification_keys","key_text",4,"text",NULL,NULL,NULL,"YES","NO","NO",NULL,NULL,"public","tbl_text_identification_keys","key_text","Text description of the identification key.","column"
"public","tbl_text_identification_keys","taxon_id",5,"integer",32,0,NULL,"NO","NO","YES","tbl_taxa_tree_master","taxon_id","public","tbl_text_identification_keys","taxon_id","Specifies the taxonomic unit related to this record.","column"
"public","tbl_text_identification_keys","key_uuid",6,"uuid",NULL,NULL,NULL,"NO","NO","NO",NULL,NULL,NULL,NULL,NULL,NULL,NULL
"public","tbl_units","unit_id",1,"integer",32,0,NULL,"NO","YES","NO",NULL,NULL,"public","tbl_units","unit_id","Primary key (automatically incremented).","column"
"public","tbl_units","date_updated",2,"timestamp with time zone",NULL,NULL,NULL,"YES","NO","NO",NULL,NULL,NULL,NULL,NULL,NULL,NULL
"public","tbl_units","description",3,"text",NULL,NULL,NULL,"YES","NO","NO",NULL,NULL,"public","tbl_units","description","Gives a detailed explanation or description of the measurement unit.","column"
"public","tbl_units","unit_abbrev",4,"character varying",NULL,NULL,15,"YES","NO","NO",NULL,NULL,"public","tbl_units","unit_abbrev","The abbreviation of the measurement unit (e.g., 'mm' for millimeters).","column"
"public","tbl_units","unit_name",5,"character varying",NULL,NULL,50,"NO","NO","NO",NULL,NULL,"public","tbl_units","unit_name","The full name of the measurement unit (e.g., 'millimeters').","column"
"public","tbl_updates_log","updates_log_id",1,"integer",32,0,NULL,"NO","YES","NO",NULL,NULL,NULL,NULL,NULL,NULL,NULL
"public","tbl_updates_log","table_name",2,"character varying",NULL,NULL,150,"NO","NO","NO",NULL,NULL,NULL,NULL,NULL,NULL,NULL
"public","tbl_updates_log","last_updated",3,"date",NULL,NULL,NULL,"NO","NO","NO",NULL,NULL,NULL,NULL,NULL,NULL,NULL
"public","tbl_value_classes","value_class_id",1,"integer",32,0,NULL,"NO","YES","NO",NULL,NULL,"public","tbl_value_classes","value_class_id","Primary key (automatically incremented).","column"
"public","tbl_value_classes","value_type_id",2,"integer",32,0,NULL,"NO","NO","YES","tbl_value_types","value_type_id","public","tbl_value_classes","value_type_id"," Identifies the type of value associated with the class.","column"
"public","tbl_value_classes","method_id",3,"integer",32,0,NULL,"NO","NO","YES","tbl_methods","method_id","public","tbl_value_classes","method_id","Links to the method associated with the value class.","column"
"public","tbl_value_classes","parent_id",4,"integer",32,0,NULL,"YES","NO","YES","tbl_value_classes","value_class_id","public","tbl_value_classes","parent_id","References a parent value class for hierarchical structuring.","column"
"public","tbl_value_classes","name",5,"character varying",NULL,NULL,80,"NO","NO","NO",NULL,NULL,"public","tbl_value_classes","name","The name of the value class.","column"
"public","tbl_value_classes","description",6,"text",NULL,NULL,NULL,"NO","NO","NO",NULL,NULL,"public","tbl_value_classes","description","Provides details about the value class.","column"
"public","tbl_value_classes","value_class_uuid",7,"uuid",NULL,NULL,NULL,"NO","NO","NO",NULL,NULL,NULL,NULL,NULL,NULL,NULL
"public","tbl_value_qualifier_symbols","qualifier_symbol_id",1,"integer",32,0,NULL,"NO","YES","NO",NULL,NULL,"public","tbl_value_qualifier_symbols","qualifier_symbol_id","Primary key (automatically incremented).","column"
"public","tbl_value_qualifier_symbols","symbol",2,"text",NULL,NULL,NULL,"NO","NO","NO",NULL,NULL,"public","tbl_value_qualifier_symbols","symbol","The textual representation of the qualifier (e.g. '>', '<' etc.).","column"
"public","tbl_value_qualifier_symbols","cardinal_qualifier_id",3,"integer",32,0,NULL,"NO","NO","YES","tbl_value_qualifiers","qualifier_id","public","tbl_value_qualifier_symbols","cardinal_qualifier_id","Specifies cardinal (base) qualifier id.","column"
"public","tbl_value_qualifier_symbols","qualifier_uuid",4,"uuid",NULL,NULL,NULL,"NO","NO","NO",NULL,NULL,NULL,NULL,NULL,NULL,NULL
"public","tbl_value_qualifiers","qualifier_id",1,"integer",32,0,NULL,"NO","YES","NO",NULL,NULL,"public","tbl_value_qualifiers","qualifier_id","Primary key (automatically incremented).","column"
"public","tbl_value_qualifiers","symbol",2,"text",NULL,NULL,NULL,"NO","NO","NO",NULL,NULL,"public","tbl_value_qualifiers","symbol","The textual representation of the qualifier (e.g. '>', '<' etc.).","column"
"public","tbl_value_qualifiers","description",3,"text",NULL,NULL,NULL,"NO","NO","NO",NULL,NULL,"public","tbl_value_qualifiers","description","Additional details about the qualifier.","column"
"public","tbl_value_qualifiers","qualifier_uuid",4,"uuid",NULL,NULL,NULL,"NO","NO","NO",NULL,NULL,NULL,NULL,NULL,NULL,NULL
"public","tbl_value_type_items","value_type_item_id",1,"integer",32,0,NULL,"NO","YES","NO",NULL,NULL,"public","tbl_value_type_items","value_type_item_id","Primary key (automatically incremented).","column"
"public","tbl_value_type_items","value_type_id",2,"integer",32,0,NULL,"NO","NO","YES","tbl_value_types","value_type_id","public","tbl_value_type_items","value_type_id","Links to the associated value type item belongs to.","column"
"public","tbl_value_type_items","name",3,"character varying",NULL,NULL,80,"YES","NO","NO",NULL,NULL,"public","tbl_value_type_items","name","The name of the category value.","column"
"public","tbl_value_type_items","description",4,"text",NULL,NULL,NULL,"YES","NO","NO",NULL,NULL,"public","tbl_value_type_items","description","Additional details about the category value.","column"
"public","tbl_value_types","value_type_id",1,"integer",32,0,NULL,"NO","YES","NO",NULL,NULL,"public","tbl_value_types","value_type_id","Primary key (automatically incremented).","column"
"public","tbl_value_types","unit_id",2,"integer",32,0,NULL,"YES","NO","YES","tbl_units","unit_id","public","tbl_value_types","unit_id","Links to the associated unit of measurement.","column"
"public","tbl_value_types","data_type_id",3,"integer",32,0,NULL,"YES","NO","YES","tbl_data_types","data_type_id","public","tbl_value_types","data_type_id","SEAD data type the value type is associated to.","column"
"public","tbl_value_types","name",4,"text",NULL,NULL,NULL,"NO","NO","NO",NULL,NULL,"public","tbl_value_types","name","The name of the value type.","column"
"public","tbl_value_types","base_type",5,"text",NULL,NULL,NULL,"NO","NO","NO",NULL,NULL,"public","tbl_value_types","base_type","The fundamental data type (e.g., integer, text).","column"
"public","tbl_value_types","precision",6,"integer",32,0,NULL,"YES","NO","NO",NULL,NULL,"public","tbl_value_types","precision","Specifies the level of precision for numerical values.","column"
"public","tbl_value_types","description",7,"text",NULL,NULL,NULL,"NO","NO","NO",NULL,NULL,"public","tbl_value_types","description","Additional details about the value type.","column"
"public","tbl_value_types","value_type_uuid",8,"uuid",NULL,NULL,NULL,"NO","NO","NO",NULL,NULL,NULL,NULL,NULL,NULL,NULL
"public","tbl_years_types","years_type_id",1,"integer",32,0,NULL,"NO","YES","NO",NULL,NULL,"public","tbl_years_types","years_type_id","Primary key (automatically incremented).","column"
"public","tbl_years_types","name",2,"character varying",NULL,NULL,NULL,"NO","NO","NO",NULL,NULL,"public","tbl_years_types","name","The name of the year type, e.g., 'Radiocarbon', 'Calendar'.","column"
"public","tbl_years_types","description",3,"text",NULL,NULL,NULL,"YES","NO","NO",NULL,NULL,"public","tbl_years_types","description","A detailed explanation of the year type.","column"
"public","tbl_years_types","date_updated",4,"timestamp with time zone",NULL,NULL,NULL,"YES","NO","NO",NULL,NULL,NULL,NULL,NULL,NULL,NULL
